Deal Name,Company name,Address,google_places_id,"Macro Geo (NYC, SF, CHS, DC, LA, NASH, DEN)",Error?
82 Queen French Quarter,82 Queen,82 Queen St,ChIJDZ7DvBF6_ogRhOZ4IH9ehhE,CHS,
Crown Shy Financial District,Crown Shy,70 Pine Street Ground Floor,ChIJ__9LNBZawokREnkOiVx7ydc,NYC,
Falansai Bushwick,Falansai,112 Harrison Place,ChIJc11gFQJcwokRcOejfRbBPpo,NYC,
Bobwhite Counter Alphabet City,Bobwhite Counter (East Village),124 E 14th St,ChIJhb1Sx3lZwokR7-zaifOkCwo,NYC,
Blanca Bushwick,Blanca,261 Moore St,ChIJrSjk6QBcwokRJ12Xetu0rX4,NYC,
White Horse Tavern West Village,White Horse Tavern,567 Hudson Street,ChIJGfAs0ZRZwokR584EB4uBkyU,NYC,
Davey's Ice Cream East Village,Davey’s Ice Cream (EV),74 Meserole Ave,ChIJBxhQcdtZwokRZZDSUen2K1w,NYC,
Madame Vo East Village,Madame Vo,212 E 10th St,ChIJqRaETJxZwokRik6wrAXTOd4,NYC,
Benjamin Prime Midtown East,Benjamin Prime,23 E 40th St,ChIJOdx0HQFZwokRzHFDS_GXQxk,NYC,
Empellón Taqueria & Bar Greenwich Village,Empellon Taqueria West Village,,ChIJS3YtZJRZwokR15ezAH-2Sec,NYC,
KYU  Noho,KYU NYC,251 Northwest 25th Street,ChIJRUXf9uBZwokR9WS3NBhSjYk,NYC,
Nom Wah Nolita,Nom Wah Nolita,10 Kenmare St,ChIJLxEbJoZZwokRBgg1pE4COTo,NYC,
Andros Taverna North Side,Andros Taverna,2542 North Milwaukee Avenue,ChIJWfaiPh_ND4gRaRT5k6Wp24g,NYC,
Foul Witch Alphabet City,Foul Witch,15 Avenue A,ChIJq6oPsoNZwokR1hGiiD3wy8g,NYC,
Mah-Ze-Dahr Battery Park City,Mah Ze Dahr Brookfield Place,,ChIJU7XySD9bwokRzxnhM1S8uWw,NYC,
Please Don't Tell East Village,PDT,113 St Marks Pl,ChIJb67-ZZ1ZwokRRxBYr3GlFp0,NYC,
Crif Dogs East Village,Crif Dogs,113 St Marks Pl,ChIJd4cu_9RZwokROtuVsYCgPAE,NYC,
Nami Nori Williamsburg,Nami Nori (Williamsburg),33 Carmine Street,ChIJS9NJoSBZwokRW6254XR11Uo,NYC,
Kubeh Greenwich Village,Kubeh,464 6th Ave,ChIJ5fW8U5ZZwokRlk_uZ6uLlgg,NYC,
F&F Pizzeria Carroll Gardens,F&F Pizzeria,459 Court Street,ChIJO32xszpbwokRVr_g36taCbI,NYC,
Romeos East Village,Romeo’s,118 Saint Marks Pl,ChIJ5dKgkl1ZwokRVaLe0VlqPXg,NYC,
Unregular Bakery Punchcard,Unregular Bakery Union Square,,ChIJ52QMLUtZwokRZwW4R7FUo2M,NYC,
Bobwhite Counter Jersey City,Bobwhite Counter (Jersey City),,ChIJN5aJDSdRwokRYvp9FA96GX4,NYC,
Anton's West Village,Anton’s,570 Hudson St,ChIJvdgj3uVZwokRDFVNZGAg43U,NYC,
Jajaja Mexicana West Village,Jajaja West Village,162 E Broadway,ChIJh-s4YNNZwokRKuwXrP5FHqY,NYC,
Raku East Village Regulars,Sanraku - Japanese Sushi Restaurant,342 East 6th Street,ChIJ8eEu0JxZwokRNFpDI_HBFmc,NYC,
Rosemary's West Village,Rosemary's West,350 1st Ave.,ChIJCW5gj5ZZwokRtfK4UZxkcr4,NYC,
Rancho Lewis NoMo,Rancho Lewis,1503 King St,ChIJhRZB6_B6_ogRzcrTCfdU3aA,CHS,
Uncork Wraggborough,Uncork Charleston,476 King St,ChIJBUxFNWp6_ogRbCCh69ktiXo,CHS,
Naks East Village,NAKS,201 1st Ave.,ChIJQfYrEfNZwokRFPKHZM6aH4w,NYC,
Kwei Fei Riverland Terrace,Beautiful South by Kwei Fei,1977 Maybank Hwy,ChIJ2Y6RTt55_ogR01tw5zmzHJc,CHS,
Sea Fire Grill Regulars,Sea Fire Grill,"158 E 48th St, Between 3rd and, Lexington Ave",ChIJpYNIR_1YwokRNMXI4Qk1lwQ,NYC,
Insa Gowanus,Insa,328 Douglass Street,ChIJo-EvNqtbwokRjZnXUY-cyCk,NYC,
Lewis Barbecue NoMo,Lewis Barbecue,464 North Nassau Street,ChIJS1r2V196_ogRcfkNioUMYJo,NYC,
Melfi's Downtown Charleston,Melfi’s,,ChIJ1-7uvCx7_ogRk997qqBzibY,CHS,
Virginia's East Village,Virginia’s,647 East 11th Street,ChIJVZXlLHdZwokR9Vd3zCwFaqQ,NYC,
Sip & Guzzle,Sip & Guzzle,"29 Cornelia St, New York, NY",ChIJ49KsB19ZwokR8VwrMbECQr8,NYC,
The Musket Room,Musket Room,265 Elizabeth St,ChIJ3TJ4moVZwokRkyy0hZnv_RA,NYC,
Little Prince South Village,Little Prince,199 Prince St,ChIJ5c-evI1ZwokRhHh6FjhuLH8,NYC,
Benjamin Steakhouse Midtown East,Benjamin Steakhouse,,ChIJ3TH9CwFZwokRIvNO1SP0WLg,NYC,
Alidoro Bryant Park,Alidoro Bryant park,601 Lexington Ave,ChIJyUQIwQBZwokRgIql4YCchfA,NYC,
The Alderman Midtown,Alderman,,ChIJFfDd9lVYwokRHprgDkRnHh4,NYC,
The Daily Inman Park,The Daily (Inman Park),652 B King St,ChIJWTGUwM8H9YgRpg7-fUaVBVg,CHS,
The Daily (Charleston - King St) Regulars,The Daily (Charleston - King St),,ChIJDdSww0J6_ogRvvj8m1N0UbY,CHS,
Ensenada Williamsburg,Ensenada,168 Borinquen Pl,ChIJVQhDBhxbwokRLwobz9lb_qk,NYC,
Altair Midtown,Altair,351 W 38th St,ChIJIRWJmBVZwokRZA5hGN68TgA,NYC,
The Daily (Trabert Ave) Regulars,The Daily (Trabert Ave),,ChIJ721mea0F9YgRprcP8IRu09U,ATL,
Hoseki Midtown,Hoseki,611 5th Ave,ChIJKfbxu2RZwokRZhsCZq_HYTg,NYC,
Gotham Burger Social Club Lower East Side,Gotham Burger Social Club,113 Franklin St,ChIJa9mUEgFZwokRp_ITmhqS8f4,NYC,
Little Jack's Tavern Downtown Charleston,Little Jack's Tavern,710 King Street,ChIJo_sjo1x6_ogRtUDrUtTWli8,CHS,
The Tippling House Cannonborough,The Tippling House (CHS),221 Coming Street,ChIJ3Smbkrx7_ogR0kLofdrh90s,CHS,
Davey's Ice Cream Moynihan Train Hall,Davey’s Ice Cream (Midtown),,ChIJxwZzzNdZwokRMyNu9LzW1wM,NYC,
Crave Fishbar Upper West Side,Crave Fishbar UWS,945 2nd Ave,ChIJqztVA4ZYwokRiLK8Lzh7_sk,NYC,
Emmett's SoHo,Emmett's (MacDougal),50 MacDougal St,ChIJqxBUkY1ZwokRM-YtSwwhy1E,NYC,
Wild Common,Wild Common,"103 Spring St, Charleston, SC 29403",ChIJzUn6Qi17_ogRX1VX24enKTE,CHS,
Fish Cheeks Noho,Fish Cheeks,55 Bond St,ChIJgc7fPIVZwokRQMnqTxTf_Qk,NYC,
Bin Bin Sake Williamsburg,Sunday Hospitality,348 Wythe Avenue,ChIJKXGbJHBZwokR2dbFNdN0FBU,NYC,
Bin Bin Sake Williamsburg,Bin Bin Sake,29 Norman Ave,ChIJKXGbJHBZwokR2dbFNdN0FBU,NYC,
Le Rock Rockefeller Center,Le Rock,45 Rockefeller Plaza,ChIJNbTIf5BZwokRjbkuTrLZVB4,NYC,
Raf's SoHo,Raf's,290 Elizabeth Street,ChIJJU-UWk1ZwokRklDKrZ_9EZE,NYC,
Tolo,Parcelle Wine Bar Group,135 Division Street,ChIJQSKt-VdbwokRRPjIjPe6XEA,NYC,
Tolo,Tolo,"28 Canal St, New York, NY 10002",ChIJQSKt-VdbwokRRPjIjPe6XEA,NYC,
8282 Lower East Side,8282,84 Stanton Street,ChIJNaUIchtZwokRHI8Pk3mEz1Y,NYC,
Stars Restaurant Radcliffborough,Stars Rooftop & Grill Room,495 King Street,ChIJJxlYSGp6_ogRyfL8KDjhLkg,CHS,
The Wooly Nolita,The Wooly,11 Barclay Street,ChIJF_I2YsVZwokRp-Q1focBJpw,NYC,
Jaffa Williamsburg,Jaffa Cocktail and Raw Bar,,ChIJlcUv3XVZwokRw8iLyOoROxI,NYC,
Alidoro The Hugh,Alidoro The Hugh,,ChIJFa7a9uFZwokR1JWN1NOyzaM,NYC,
Albert's Bar Murray Hill,Albert’s Bar,140 E 41st St,ChIJTUnFcYpZwokRnDeckKVR3Nw,NYC,
The Palm Court at The Plaza Hotel Midtown,Palm Court at The Plaza,768 5th Ave,ChIJYaVdffBYwokRCwC_C_S-tbs,NYC,
Banzarbar Nolita,Banzarbar,191 Chrystie Street,ChIJU74O14VZwokRQ-wPmjfTERE,NYC,
Maison Premiere Williamsburg,Maison Premiere,298 Bedford Ave,ChIJW_WGT2BZwokRNpvZ4k3lVcs,NYC,
Gelso & Grand Gelso & Grand,Gelso & Grand,186 Grand St,ChIJS3EpUohZwokReLFKxxE_zKE,NYC,
Bonnie's Williamsburg,Bonnie's,398 Manhattan Ave,ChIJbQc9ABZZwokRMAK6C-Ekxg4,NYC,
K'Far Williamsburg,K'far,,ChIJ6TIr1bdZwokRwODfMs7T90g,NYC,
Parcelle Chinatown,Parcelle Wine Bar,135 Division Street,ChIJI3VG1kxYwokRECoJD1lSvSY,NYC,
Ambra West Village,Ambra,,ChIJW0-RNpdZwokRQYkOS0HTtwM,NYC,
Momofuku (Noodle Bar) - Uptown,Momofuku (Noodle Bar),10 Columbus Cir,ChIJKzLt4dZZwokRbv-Ebx1hBo0,NYC,
Ace's Pizza Williamsburg,Ace’s Pizza Williamsburg,30 Rockefeller Plz,ChIJMTXf1ChZwokR2WKzrREy78s,NYC,
Bobwhite Counter Union Square,Bobwhite Counter (Union Square),,ChIJY8YwP65ZwokRH5YcEM4Ai4c,NYC,
Nami Nori Montclair,Nami Nori (Montclair NJ),,ChIJr4W1Xz1VwokRI-HqiIpeKRw,NYC,
Unregular Pizza Lower East Side,Unregular Pizza LES,135 4th Ave,ChIJlZhb1NhZwokRZ-xeod509HE,NYC,
Saga SAGA,SAGA,70 Pine St,ChIJZZlClEZbwokRZj-0-fE25tk,NYC,
Bon Banh Mi - N. Mt. Pleasant,Bon Banh Mi - N. Mt. Pleasant,"1100 Oakland Market rd, Mt. P, SC 29466",ChIJ-8xLhPVt_ogRX7YnQGJ0t8Y,CHS,
Llama Inn Williamsburg,Llama Inn,50 Withers Street,ChIJD6vUMlpZwokRSFeGSBW_gvU,NYC,
Cappone's West Village,Cappone’s Salumeria,75 9th Avenue,ChIJm2WVXL9ZwokRNwGDFzSKuH8,NYC,
Frankies 457 Carroll Gardens,Frankies,457 Court St,ChIJm7uvMfZawokRNR0XRCotzWY,,
The Bakery at Greywind Hudson Yards,The Bakery at Greywind,451 10th Ave,ChIJj6BPafxZwokRcskGmEJX2As,NYC,
Mishik Hudson Square,Mishik,259 Hudson Street,ChIJSx4uSy5ZwokRwqbvtErf43M,NYC,
Alidoro Midtown,Alidoro Moynihan Train Hall,,ChIJr5odo75ZwokR4AhVgTmpHC4,NYC,
Dhamaka Lower East Side,Dhamaka +,,ChIJJyPbJe1ZwokRu8dDEOqAYDc,NYC,
Sunday in Brooklyn Williamsburg,Sunday Hospitality,348 Wythe Avenue,ChIJkRWC9WFZwokRfa5Uzor3e-g,NYC,
The Stand Union Square,The Stand,116 E 16th St,ChIJgWBWFaBZwokRfOWdBPY5Y0o,NYC,
Beautiful South Cannonborough,Beautiful South,128 Columbus Street,ChIJrfi1NJ17_ogRVSM0K9wWC1c,CHS,
Farm to People Kitchen & Bar Bushwick,Farm to People Kitchen & Bar,,ChIJuUtZ-hdZwokRQw4pPJqOQbQ,NYC,
Local 42 Hell's Kitchen,Local 42,,ChIJA__4pVVZwokRCrAjVlE9BPE,NYC,
Jajaja Mexicana Williamsburg,Jajaja Williamsburg,,ChIJgV3yD_lZwokRPTi6aPfX2yo,NYC,
Ace's Pizza Rockefeller Center,Ace’s Pizza Rockefeller,,ChIJvcKC7PxZwokRYgo9FMn7HZ8,NYC,
Jajaja Mexicana Hudson Yards,Jajaja Hudson Yards,,ChIJH-d6yh5ZwokRazxWiTWTrAY,NYC,
Unregular Bakery Union Square,Unregular Bakery Union Square,,ChIJ52QMLUtZwokRZwW4R7FUo2M,NYC,
Softside Soho,Softside / Soupside,,ChIJxYuTzARZwokRKR54lIJ6qfw,NYC,
Lighthouse Williamsburg,Lighthouse,145 Borinquen Pl,ChIJmU4y-OFbwokRuuTUu-zsedc,NYC,
Freemans,Freemans,Freeman Alley,ChIJRcCC14VZwokRvJiDo29-IGM,NYC,
Alidoro Rockefeller Center,Alidoro Rock Center,,ChIJrYlZAHVZwokRGSjwdeMjaac,NYC,
Llama San Llama San,Llama San,359 Avenue of the Americas,ChIJ8youq41ZwokRqnnXghN1DIs,NYC,
Zillions Pizza Hell's Kitchen,Zillions Pizza,360 W 42nd St,ChIJ0fMzPqxZwokRANQQd_Ru5O0,NYC,
Joey Roses LES,Joey Roses,,ChIJyRRi4bpZwokR03CRX3x-RHc,NYC,
Jajaja Mexicana LES,Jajaja LES,,ChIJp0gKoClawokR0txqrcaEkFc,NYC,
Kultura Downtown,Kultura,,ChIJN1Kj-z57_ogRCzFv0tY-VRM,CHS,
The Daily Buckhead,The Daily (Buckhead),,ChIJ42f6OcsP9YgRKgWhS9P-xSw,ATL,
Emmett's West Village,Emmett's on Grove,39 Grove Street,ChIJIUmWODtZwokRc33t3aurFco,NYC,
Lodi Midtown,Lodi,1 Rockefeller Plaza,ChIJtY_Cr9VZwokR86t_xHCuZjc,NYC,
Burgerhead Greenwich Village,BURGERHEAD,,ChIJGxKmmOdZwokRzHYPmd42cdI,NYC,
Bobwhite Counter Long Island City,Bobwhite Counter (Long Island City),,ChIJ6d5LokpZwokRlrAwll2NArU,NYC,
Greenpoint Fish & Lobster Greenpoint,Greenpoint Fish & Market Restaurant,114 Nassau Ave,ChIJYVSQlUVZwokR3YMbMiZwhzE,NYC,
Il Buco Alimentari & Vineria NoHo,Il Buco Alimentari & Vineria,53 Great Jones St,ChIJYUQdLoVZwokRBjKzg6PAaa8,NYC,
Razza Jersey City,Razza,275 Grove Street,ChIJFSRtpLFQwokROP1exas0wNM,NYC,
Sereneco Greenpoint,Sereneco,113 Franklin St,ChIJH_-tMGlZwokRqIqHR22D-zU,NYC,
Barbuto West Village,Barbuto,775 Washington Street,ChIJVXheK_pZwokRDNLoQ0JK40M,NYC,
Loring Place Greenwich Village,Loring Place,21 W 8th St,ChIJ69NaKJdZwokR3CamunXyYig,NYC,
Alidoro Long Island City,Alidoro LIC,,ChIJFcjcVwBZwokRTSpYlpcfTi8,NYC,
Steak Frites Bistro Hell's Kitchen,Steak Frites,496 9th Ave,ChIJAwwWns9ZwokRXREEcH7Qa_U,NYC,
Lola Taverna South Village,Lola Taverna,210 6th Avenue,ChIJHcWG3jZZwokRqla0A1P7mU4,NYC,
Rule of Thirds Williamsburg,Rule of Thirds,171 Banker St,ChIJaQRXYuRZwokRHjAN5MkBizY,NYC,
Rule of Thirds Williamsburg,Sunday Hospitality,348 Wythe Avenue,ChIJaQRXYuRZwokRHjAN5MkBizY,NYC,
Rudy Royale Downtown,Rudy Royale,209 E Bay St,ChIJjXrGMwx6_ogRC9WyXPVnChQ,CHS,
Millers All Day Downtown,Millers All Day - Downtown,120 King St,ChIJp1j0TRB6_ogRLcupo0MkjJ0,CHS,
Spring Cafe Aspen Greenwich Village,Spring Cafe New York,14 West 4th Street,ChIJ9faizgBZwokRUuPiFIDFhFs,NYC,
Lindens SoHo,The Linden,2 Renwick St,ChIJh-oPySxZwokRBTfrxwTdRo4,NYC,
Asador Bastian River North,Asador Bastian,,ChIJk8Z5cdstDogRdMPc0yBZB5M,CHI,
Konro Konro,Konro Restaurant,424 Park Place,ChIJUyHQWG7X2IgRUiFdW4dmtFw,NYC,
The Press Cannonborough,The Press (CHS),,ChIJ2-G-_Kd7_ogRqsUkYpokplA,CHS,
Hanoi House East Village,Hanoi House,,ChIJBWyKZp1ZwokRHhnug4zTch4,NYC,
Raku Hanare Regulars,Raku Hanare,,ChIJcd-UAwBZwokR2dPBrKACTm8,NYC,
Rosemary's Stuytown,Rosemary’s Stuytown,,ChIJqfd3jX9ZwokRS1hCsvCFcE8,NYC,
Nami Nori West Village,Nami Nori (West Village),,ChIJcfbyqFNZwokRUoBP92II4c0,NYC,
The Standard Biergarten Meatpacking,The Standard Biergarten,25 Cooper Sq,ChIJN-93ZsBZwokRMe_yr5I34Ik,NYC,
Upside Nolita,Upside Pizza Nolita,640 Manhattan Avenue,ChIJJ4RaxFlZwokRPhaSd7t35H0,NYC,
Lulla Chelsea,Lulla,113 West 24th Street,ChIJvTLKIr9ZwokRIBsYYKUY2DU,NYC,
Raku Soho Regulars,Raku Soho,,ChIJo3cQ0GxZwokRUukfD7IRfKk,NYC,
Laser Wolf Williamsburg,Laser Wolf,97 Wythe Avenue,ChIJLyS5dYRZwokRlkA0g9eijjs,NYC,
Fairfax West Village,Fairfax,234 West 4th Street,ChIJSyYvYZRZwokR6tWSvOA2xXw,NYC,
Unregular Pizza Midtown,Unregular Pizza Midtown,,ChIJW2boKvdZwokRAYw2cJwEH9I,NYC,
Davey's Ice Cream Greenpoint,Davey’s Ice Cream (Greenpoint),,ChIJn4uvV0FZwokRXcHdLy6Og_M,NYC,
Panzón Greenpoint,Panzon,23 Greenpoint Avenue,ChIJUfCp3OlZwokRvRb3hBuLIuA,NYC,
Claro Gowanus,Claro,284 3rd Avenue,ChIJGVQqnFVawokRltzLtx5fMhM,NYC,
Lovely's Old Fashioned Hell's Kitchen,Lovely’s Old Fashioned,642 9th Ave,ChIJd4_SnFJZwokRBeuZ-YwGaUw,NYC,
Basic Kitchen Downtown Charleston,Basic Kitchen,82 Wentworth St,ChIJNz0pmhN6_ogR5laaX7NUnVs,CHS,
Moongate Lounge Chinatown,Moongate Lounge,,ChIJpUlYTNmBhYARE6fZdZBiKR4,SF,
Crave Fishbar Midtown,Crave Fishbar Midtown,,ChIJBUB1-eJYwokRwqGsIIvAPls,NYC,
Overstory Overstory,Overstory,70 Pine St 64th Floor,ChIJ_8dmJ0lbwokRIJHQFfXiMNo,NYC,
St. Tropez West Village,St. Tropez West Village,,ChIJo9tLC5VZwokR9t8kMnIACK0,NYC,
Leon's Oyster Shop Downtown Charleston,Leons Oyster Shop,698 King Street,ChIJ180tuFx6_ogRLrajxAiAgYQ,CHS,
IRIS,IRIS,1740 Broadway,ChIJMccf7SRZwokRyJJEQAXUhqM,NYC,
Sra. Martinez Coral Gables,Sra Martinez,,ChIJE71m6CK32YgRvzVM73VTlts,FL,
Sweet Rose Creamery Brentwood Country Mart,Sweet Rose Creamery - Brentwood Country Mart,,ChIJx3qVjFWjwoARvcJ3GGZ4YJQ,LA,
Tia Pol Chelsea,Tia Pol,,ChIJ8RjtPrhZwokRVZXEfLUKtM4,NYC,
Moody Tongue Sushi West Village,Moody Tongue Sushi,,ChIJGUJaVtVZwokR3VU_JU2pedg,NYC,
Roberta's Bushwick,Roberta's,261 Moore St,ChIJzSOyOg1dwokRfQ-5htUfsRY,NYC,
gertrude's Prospect Heights,Gertrude’s,605 Carlton Ave,ChIJnRyRtUBbwokR4veV9Er_PAU,NYC,
Nudibranch East Village,Nudibranch,125 1st Ave.,ChIJ5Qa2Xu9ZwokRIyvK1rhdwgw,NYC,
Renzo Hampton Park Terrace,Renzo,384 Huger Street,ChIJbT5P4Fp6_ogRM6yv6hvX3k8,CHS,
Nom Wah Pier 57,Nom Wah at Market 57,,ChIJeW_dJC5ZwokRaQfG-JI-bYc,NYC,
GupShup Gramercy,GupShup,"115 E 18th St (Between Park Ave &, Irving Pl",ChIJvYavzZ5ZwokRBQj3hhDtpfk,NYC,
Mino Brasserie West Village,Mino,225 W 12th St,ChIJh0Elkf1ZwokRrFXIVkSPvKU,NYC,
Bangkok Supper Club Messaging as a Service / VIP Handling,Bangkok Supper Club,641 Hudson St,ChIJvduhDjVZwokReg77D1pNQaQ,NYC,
Arthur and Sons West Village,Arthur & Sons,38 8th Avenue,ChIJw2RCuSZZwokRVt7nWZNROm0,NYC,
Crave Sushi Bar Midtown East,Crave Sushi Bar,947 2nd Ave,ChIJkdJZKBRZwokRwhNrDEm_t8c,NYC,
Mattina Mattina,Mattina,2232 Bush Street,ChIJYTzmaFiBhYARlEFG6VasHl4,SF,
Palette Tea House Noma,Palette Tea House,900 North Point Street,ChIJ53HCdjCBhYARI-_VU7jZI-U,SF,
Semma Greenwich,Semma,60 Greenwich Ave,ChIJxZmzO7hZwokRx2fls4uU4YU,NYC,
Diner Williamsburg,Diner,85 Broadway,ChIJvzYmKtlbwokRHye6SmfknDM,NYC,
Brenda's French Soul Food Tenderloin,Brenda's French Soul Food,652 Polk Street,ChIJZ9s5SJeAhYARIX3Fxl6oj6c,SF,
Brenda's Meat & Three NOPA,Brenda's Meat & Three,919 Divisadero Street,ChIJBZ2nB7GAhYAR1BUmlCHczaw,SF,
Meadowsweet Williamsburg,Meadowsweet,149 Broadway,ChIJwXUoA99bwokRU2bF-gdB25I,NYC,
Emily Brooklyn Clinton Hill,Emily Brooklyn,919 fulton street,ChIJYeJEs6RbwokRI9OjBP6hYG8,NYC,
Thyme Bar Chelsea,Thyme Bar,"20 W 23rd St, Cellar",ChIJGeLvoN9ZwokRyjK1gD08W7Q,NYC,
Unregular Pizza Upper East Side,UnregularPizzaUES,132 Lexington Avenue,ChIJfxzCCUBZwokR5uTiL9Gm9U4,NYC,
Little Maven Flatiron,Little Maven,30 West 18th Street,ChIJW3LA-dxZwokR0WAavt1PXFE,NYC,
Maman Upper West Side,Chez Maman,"239 Centre St New York, Ny 10013",ChIJ383_YEFZwokRJFr1iPhcJvk,NYC,
Blue Whale Marina,Blue Whale Restaurant,,ChIJyeXEUEyBhYARWEs70AP8J4I,SF,
Greywind Hudson Yards,Greywind,451 10th Avenue,ChIJRyAmqgpZwokRHjS6xvDPVfI,NYC,
Sushi Hakko Pacific Heights,sushihakkosf.com,,ChIJ0wnbFlaBhYARUol-xwVfXjk,SF,
Little Original Joe's Marina,"Little Original Joe's (Marina, SF)",2301 Chestnut Street,ChIJo_MMIdSAhYARhV9nPwTrm84,SF,
Holy City Brewing,Holy City Brewing,"1021 Aragon Ave, Charleston, SC 29405",ChIJXZV_WlF7_ogRy1myXw3d-ME,,
The Refuge Isle of Palms,The Refuge,,ChIJn5C08qlz_ogRsEyfIRdjQBg,CHS,
Sobre Masa Bushwick,Sobre Masa,52 Harrison Place,ChIJmeKSwPFdwokRZ--71Rq0GBY,NYC,
Perry's Pacific Heights,Perry's Embarcadero,1944 Union Street,ChIJy3_5ONuAhYARlKgaknpqI0k,SF,
Laissez Faire Financial District,Laissez Faire,10 Theatre Alley,ChIJuQ9WfihbwokR3PTLA2-HvhE,NYC,
BlindPig Tenderloin,BlindPig Speakeasy Lounge,1113 Polk St.,ChIJ7SlawgSBhYARbP6ZoPjNHMA,SF,
Dragon Horse SOMA,Dragon Horse,,ChIJc4jk1ZWBhYARkZIS5HmVER8,SF,
Llama Cafe,Llama Cafe,66 Hudson blvd East,ChIJw_SkbbNZwokRZewVFMxQOT8,NYC,
Spygold Husdon Yards,Spygold,451 10th Ave,ChIJcZp1Y2tZwokRWM2nLr5rz_4,NYC,
Millers All Day James Island,Millers All Day - James Island,120 King Street,ChIJEWlFjFd5_ogREoukLXlaF2I,CHS,
Post House Mt. Pleasant,Post House,101 Pitt St,ChIJy5sQLuJw_ogRnxFgqpnQ1SY,CHS,
Frances The Castro,Frances,3870 17th St,ChIJky2knBt-j4ARXAdR3-GAWM8,SF,
The Blue Light Pacific Heights,The Blue Light,1979 Union Street,ChIJvVG_OtuAhYARhrfEv3QiQLA,SF,
Toy Soldier Financial,Toy Soldier,52 Belden Place,ChIJtT_kKIqAhYAR8kotss7-lA8,SF,
Isshiki East Village,isshiki matcha,,ChIJsVe2QABZwokR4ewjadozGNE,NYC,
Isabelle's Osteria Gramercy,Isabels Family Restaurant,245 Park Ave S,ChIJV9twMKRZwokRkXW1n1miJeQ,NYC,
Smith & Mills Rockefeller Center,Smith & Mills,71 N Moore St,ChIJE_nbh_1ZwokRXlCky7bbD2Y,NYC,
Naro Rockefeller Center,NARO,1 Rockefeller Plaza,ChIJp7Ql8AZZwokRecf5nJr8RJU,NYC,
Jupiter Rockefeller Center,Jupiter,620 5th Avenue,ChIJyflTcS1ZwokRBWTy8tCgaDM,NYC,
5 Acres Rockefeller Center,5 Acres,,ChIJj0EtEZRZwokRYi9Wk-lvJUU,NYC,
Bodega Downtown,Bodega - Mt. Pleasant,23 Ann Street,ChIJV_qOlyJ7_ogRZUQr84eFa28,CHS,
Bodega (Pay),Bodega - Downtown,23 Ann Street,ChIJV_qOlyJ7_ogRZUQr84eFa28,CHS,
Parcelle Greenwich Village,Parcelle Wine West Village,135 Division Street,ChIJFXVNUJxZwokRDhvP51t1PFQ,NYC,
The Garret West,The Garret West,296 Bleecker St,ChIJkdFGdJNZwokRY_FA1UjcHGI,NYC,
Dashi Park Circle,Dashi,1262 Remount Rd,ChIJLQTTP69l_ogRPQLNc7SiSas,CHS,
Herd Provisions East Central,Herd Provisions,106 Grove Street,ChIJ93o7oNB7_ogRKt36Os-r-C8,CHS,
Owlbear Cafe Mt. Pleasant,Owlbear Cafe,1964 Riviera Dr J,ChIJnVMSUxVz_ogRGHD5la1rr8k,CHS,
Callie's Hot Little Biscuit Meeting Street,Callie's Hot Little Biscuit (King St),188 Meeting St,ChIJdz9mtA16_ogRnHxmONzNzn4,CHS,
Estadio Cannonborough,Estadio,,ChIJHRCMPIt7_ogRK9T7mG56Vs4,CHS,
Lowland French Quarter,Lowland,,ChIJTTcM5Zx7_ogRlEKsvPVFWHM,CHS,
Sami & Susu Lower East Side,Sami & Susu,190 Orchard Street,ChIJRbqLkqFZwokR3E6d0zDKAko,NYC,
Ivan Ramen Lower East Side,Ivan Ramen,25 Clinton Street,ChIJreEXi4FZwokR_ygs7wh2fTk,NYC,
Ristobar Marina,Ristobar,2300 Chestnut St.,ChIJZSPQINSAhYAR_o9rtGR7u0I,SF,
Layla Williamsburg,Layla,352 Bedford Avenue,ChIJ57ZDGMxbwokRVox0BjRGB_U,NYC,
Besharam Potrero Hill,Beshraham,1275 Minnesota St,ChIJpVAZ4wx_j4AR4j8Q0COpGHc,SF,
Kellogg's Diner Williamsburg,Kellogg's Diner CLOSED,518 Metropolitan Ave,ChIJIccpGllZwokRx0BsEyyeQg4,NYC,
Gjelina NY Gjelina NY,Gjelina NY,45 Bond St,ChIJv9s0scFZwokRYuWpWB7CLbw,NYC,
Lost Isle,Lost Isle,"3338 Maybank Hwy, Johns Island, SC 29455",ChIJlb-kF-9__ogRcmNJB2ScqhI,CHS,
Lowlife,Lowlife Bar,"106 E Hudson Ave, Folly Beach, SC 29439",ChIJEVkJrRrX_YgRJZhpb4ZGxKw,CHS,
Hoexters Upper East Side,Hoexter’s,174 East 82nd Street,ChIJJWByn_BZwokR9IC-3PtPPuk,NYC,
Ketchy Shuby Soho,Ketchy Shuby,406 Broome St,ChIJR4xJInZZwokRMp1wYc4fcag,NYC,
The Roll Pacific Heights,The Roll,,ChIJrxUh1ndZwokRYpfYMnJNe5Y,SF,
Porchetta Shop Cannonborough,Da Toscano Porchetta Shop,109 President Street,ChIJCUQxfgl7_ogR1xze9C_XM4Q,CHS,
Popi's Oysterette Marina,Popi's Oysterette.,2095 Chestnut St.,ChIJq1hymyiBhYARRMRbKOZD6F4,SF,
Graft Wine Bar Uptown Charleston,Graft Wine Shop,700 King St,ChIJz2rDuFx6_ogRk5EZR618YmI,CHS,
Chouquet's,Chouquet's,"2500 Washington Streer, SF, CA 94115",ChIJOyho5cWAhYARuJobf2VcbM0,SF,
Rocco's Sports & Recreation,Rocco's Sports & Recreation,1 West 3rd Street,ChIJ2fLg9KdZwokR0cET1EjEuwk,NYC,
Bandits Diner + Dive,Bandits Diner + Dive,44 Bedford St,ChIJO_Nbh4lZwokR1-EspAqsGLM,NYC,
Sukh Fort Greene,Sukh,723 Fulton St,ChIJo8ltIwBbwokRnpjtIPOzZ2Q,NYC,
Phat Thai Marina,Phat Thai,2380 Lombard Street,ChIJr6PUL3GBhYARzbSgNPNnsac,SF,
Hags East Village,HAGS,163 1st Avenue,ChIJp0ha1dFZwokRK9WxgN9HVuY,NYC,
Bus Stop Pacific Heights,Bus Stop,1901 Union Street,ChIJiyfOTtuAhYARdqz7WudgtMU,SF,
Final Final Pacific Heights,Final Final,2990 Baker Street,ChIJTx2ix9SAhYARjNIgHLlm7rI,SF,
Little Maven - Burger League,Little Maven,30 West 18th Street,ChIJW3LA-dxZwokR0WAavt1PXFE,NYC,
Ma'am Saab Downtown Charleston,Ma'am Saab - Pakistani Restaurant,251 Meeting St,ChIJXRzKDxl7_ogR-ESom4Gc2xY,CHS,
Malika Canteen Mt. Pleasant,Malika Canteen,1333 Theater Dr,ChIJe_xDGdlz_ogROqKNs3SQCTA,CHS,
Carlotto Union Square,Carlotto,100 East 19th Street,ChIJJ8hFlKFZwokRFmzhJg7Qofo,NYC,
Ten Bells,Ten Bells,247 Broome St,ChIJPeCaOIdZwokRXr36ali2z_k,,
Commodore II LES,The Commodore,,ChIJfZlRiPZZwokRNti0HrCP_pw,NYC,
Fossetta Fossetta,Fossetta,,ChIJ9RRDNShZwokRkVa5XZq-rxw,NYC,
Roberta's Midtown,Roberta's Penn District,"One Penn Plaza, Plaza 33 East,",ChIJWV3KRQBZwokRZlT-Om1I_1E,NYC,
R.Slice Midtown,R Slice Penn District,261 Moore Street,ChIJ65H5eABZwokRi1pVbvaiwxY,NYC,
Troya Pacific Heights,Troya,2125 Fillmore Street,ChIJZUcfNsaAhYARZ4b7QZiwaRc,SF,
Seven Hills Russian Hill,Seven Hills,1550 Hyde Street,ChIJc1RqC-yAhYARWmmWMJ-xkDs,SF,
Collina Russian Hill,Collina,1550 Hyde St,ChIJVVWZC-yAhYARTO9lj9HYPlQ,SF,
Two Hands Williamsburg Williamsburg,Two Hands Hospitality,251 Church Street,ChIJP1m519tZwokRf0B_IzX9f9s,NYC,
Butcher's Daughter Williamsburg,The Butcher's Daughter (Williamsburg),,ChIJ3UuR-ONZwokRrKPqaJPKbxw,NYC,
Butcher's Daughter Williamsburg,The Butcher's Daughter,1205 Abbot Kinney Boulevard,ChIJ3UuR-ONZwokRrKPqaJPKbxw,NYC,
Ariari East Village,ARIARI,119 1st Avenue,ChIJhUDJFUVZwokRkNERZsyOxWo,NYC,
Colonia Verde Fort Greene,Colonia Verde,219 Dekalb Ave,ChIJrXze-rlbwokRl3G4x1txJgk,NYC,
Raf's - Burger League,Raf's,290 Elizabeth Street,ChIJJU-UWk1ZwokRklDKrZ_9EZE,NYC,
The Butcher's Daughter Wburg (Breakfast Club),The Butcher's Daughter,1205 Abbot Kinney Boulevard,ChIJ3UuR-ONZwokRrKPqaJPKbxw,NYC,
The Butcher's Daughter Wburg (Breakfast Club),The Butcher's Daughter (Williamsburg),,ChIJ3UuR-ONZwokRrKPqaJPKbxw,NYC,
Gus's Cobble Hill,Gus's Chop Hous,215 Union St,ChIJTb3cUH1bwokRqVj5vctMMXs,NYC,
Butcher's Daughter Nolita,The Butcher's Daughter,1205 Abbot Kinney Boulevard,ChIJiYsEnohZwokR8oZK_TgmSjY,NYC,
Butcher's Daughter Nolita,The Butcher's Daughter (Nolita),,ChIJiYsEnohZwokR8oZK_TgmSjY,NYC,
Elephant Sushi Russian Hill,Elephant Sushi (Russian Hill),1916 Hyde Street,ChIJIXme1uiAhYARonEfUDgz0A4,SF,
Elephant Sushi Fillmore,Elephant Sushi (Hayes Valley),400 Grove St.,ChIJcVyMiSmBhYARK9hpjwu_JcQ,SF,
Lula Mae Fort Greene,Lula Mae,472 Myrtle Avenue,ChIJi9R8lVJbwokRtKjPyX4YvnU,NYC,
Inday All Day Williamsburg,Inday,658 Driggs Avenue,ChIJ-xUElXtZwokRpv0Gz1fJiuc,NYC,
Inday All Day Williamsburg,Inday Williamsburg,658 Driggs Avenue,ChIJ-xUElXtZwokRpv0Gz1fJiuc,NYC,
Maman Upper East Side,Maman- UES,,ChIJAx5HgFlZwokRcWUfz5VxS0w,NYC,
SPQR Pacific Heights,SPQR,1911 Fillmore Street,ChIJCUQFkseAhYARpkr3emAuxp8,SF,
HED 11 SOMA,HED 11,1800 Sutter Street,ChIJ8wbZfQCBhYARbBBXJyQXBZA,SF,
Slate Cafe Midtown,Slate Cafe - Midtown,,ChIJXWk4h4NZwokRX89_Qlwh0z0,NYC,
Slate Cafe Nomad - Breakfast Pass,Slate Cafe Nomad,941 2nd Ave,ChIJMznhLt9ZwokREJt8CB0FTdA,NYC,
Cubby's Hells Kitchen,Cubby’s,,ChIJrX0iSu5ZwokRYg6me9J5obs,NYC,
The Butcher's Daughter (Nolita)- Breakfast Club,The Butcher's Daughter,1205 Abbot Kinney Boulevard,ChIJiYsEnohZwokR8oZK_TgmSjY,NYC,
The Butcher's Daughter (Nolita)- Breakfast Club,The Butcher's Daughter (Nolita),,ChIJiYsEnohZwokR8oZK_TgmSjY,NYC,
Two Hands Williamsburg- Breakfast Club,Two Hands Hospitality,251 Church Street,ChIJ256pFiBawokR-JFcFPAz7Ig,NYC,
Chinta Thai Greenpoint,ChintaThai,157 Franklin Street,ChIJizcRni5ZwokRq-qMYfpKxB4,NYC,
Third Falcon Fort Greene,Third Falcon,360 Myrtle Avenue,ChIJT0Pe_qJbwokR6Ql0YY5qF8I,NYC,
Veselka Williamsburg,Veselka (Williamsburg),75 East 1st Street,ChIJZyqIQwBZwokR1lSPyPdTLoM,NYC,
Veselka Williamsburg,Veselka Restaurant,75 East 1st Street,ChIJZyqIQwBZwokR1lSPyPdTLoM,NYC,
Fulgurances Greenpoint,Fulgurances,132 Franklin St,ChIJcelSUXlZwokRkD8zyKGV6k4,NYC,
Sagaponack Flatiron,Sagaponack in Flatiron District,4 W 22nd St,ChIJuXGLjqNZwokRDEG5LwpEBzk,NYC,
The Brixton Marina,The Brixton,2140 Union Street,ChIJr066l9qAhYARBzcA3aD1zXM,SF,
Palm House Marina,Palm House,2032 Union Street,ChIJtX1s3tqAhYAR8RDMpH2eHbw,SF,
Torch & Crown Brewing Company SOHO,Torch & Crown Brewing Company,12 Vandam Street,ChIJFcrad0_1wokRgswE_VOwb4o,NYC,
Hazie's Hayes Valley,Hazie's,501 Hayes Street,ChIJn-6m802BhYARruM4u0h9-Bc,SF,
Maman Cobble Hill,Maman- Cobble Hill,,ChIJuedIXXtbwokROUHVzt-XCtM,NYC,
Maman Battery Park,Maman- Battery Park,,ChIJVxpH38xbwokRRcqSwuRVwW4,NYC,
Leon's,leonsnyc.com,817 Broadway,ChIJPfXBCwBZwokRI2bnWBxCQCE,NYC,
Indian Accent Indian Accent,,,,NYC,
Koloman - Breakfast Club,Koloman,16 W 29th St,ChIJUUBMchNZwokRwDOHIFhOIHA,NYC,
Runner Up Park Slope,Winner / Runner Up,367 7th Avenue,ChIJa7TQMZFbwokRjivvo3SFNDQ,NYC,
Veselka East Village,Veselka Restaurant,75 East 1st Street,ChIJlxDiXJxZwokRp4HHbeYqXXU,NYC,
Baguette Magic West Ashley,Baguette Magic - West Ashley,792 Folly Rd Unit A,ChIJ3fhrj2V7_ogRHJRlSVyLbGQ,CHS,
Baguette Magic James Island,Baguette Magic - Folly Road,792 Folly Road,ChIJcRYyVQp5_ogRzddEPU6O5fA,CHS,
Alcove Market Harleston Village,Easton & Porter Group,5022 Plank Road,ChIJp0iulmp7_ogRjrA23hLK_Fs,CHS,
Alcove Market Harleston Village,Alcove Market,320 Broad St Suite 155,ChIJp0iulmp7_ogRjrA23hLK_Fs,CHS,
Veselka Grand Central,Veselka (Grand Central),,ChIJVZ111KNZwokRisf1cc9jgxg,NYC,
Veselka Grand Central,Veselka Restaurant,75 East 1st Street,ChIJVZ111KNZwokRisf1cc9jgxg,NYC,
6restaurant.com,6restaurant.com,481 Court Street,ChIJDfRavFtbwokRijMBw1NobfM,NYC,
Dalida Mission,Dalida,101 Montgomery Street,ChIJ-0oK-amHhYARzNhyX0KQcEg,SF,
Okane Potrero Hill,Omakase Restaurant Group,25 Division Street,ChIJjaWT5yx-j4AR0S6cwdgnD4Q,SF,
Okane Potrero Hill,Okane,669 Townsend Street,ChIJjaWT5yx-j4AR0S6cwdgnD4Q,SF,
Dumpling Time Design District,Dumpling Time - Design District,11 Division Street,ChIJ1anaJC1-j4ARf_9BjfDowt8,SF,
Dumpling Time Design District,Omakase Restaurant Group,25 Division Street,ChIJ1anaJC1-j4ARf_9BjfDowt8,SF,
Dumpling Time Mission Bay,Dumpling Time - Mission Bay,"191 Warriors Way Suite 101, San Francisco, CA 94158",ChIJR2AhaXJ_j4ARScj6r58240E,SF,
Dumpling Time Mission Bay,Omakase Restaurant Group,25 Division Street,ChIJR2AhaXJ_j4ARScj6r58240E,SF,
Omakase  Design District,Omakase,665 Townsend Street,ChIJFYz55yx-j4ARFUpWF0lt4gw,SF,
Omakase  Design District,Omakase Restaurant Group,25 Division Street,ChIJFYz55yx-j4ARFUpWF0lt4gw,SF,
Live Sushi Bar Potrero Hill,Omakase Restaurant Group,25 Division Street,ChIJtSa-BDN-j4ARVOuKy9mDdhw,SF,
Live Sushi Bar Potrero Hill,Live Sushi Bar,2001 17th Street,ChIJtSa-BDN-j4ARVOuKy9mDdhw,SF,
The Third Floor Chinatown,The Third Floor,433 Clay Street,ChIJ5ZJ8MmCAhYARlWdcG-Y51NM,SF,
The Third Floor Chinatown,Omakase Restaurant Group,25 Division Street,ChIJ5ZJ8MmCAhYARlWdcG-Y51NM,SF,
Prelude Union Square,Prelude,650 Church Street,ChIJAQCwLWCAhYARA4NhRN-ExYs,SF,
Prelude Union Square,Omakase Restaurant Group,25 Division Street,ChIJAQCwLWCAhYARA4NhRN-ExYs,SF,
Itria Mission,Itria,3266 24th Street,ChIJg0a43A5_j4ARH8IaUaRVUCs,SF,
Elephant District Dumbo,Elephant District,,ChIJIQFtrv1bwokRkEaNwb8ltZQ,NYC,
Balzem Nolita,Balzem,202 Mott St,ChIJa128pIhZwokRnoPKJguYBCA,NYC,
Le Rivage Le Rivage,Le Rivage,340 W 46th St,ChIJP9968FNYwokRluXA9d7952g,NYC,
Gair Dumbo,Gair,41 Washington St,ChIJTZIC-AdbwokRPwk_gzcoNNs,NYC,
Henry & The Lions Chelsea,Henry & The Lions,,ChIJFwCwrbpZwokRaS7l5yPwQyM,NYC,
Tacolicious Marina,Tacolicious,2250 Chestnut Street,ChIJkbv8N9eAhYARMyu5POX9pRk,SF,
Arcana Mission,Arcana,2512 Mission Street,ChIJyf4Rywl_j4ARyOJZrnvV0Wc,SF,
Share House Downtown,Share House,,ChIJYTrmDWh7_ogRu2xztQY2jCI,CHS,
Uptown Social Downtown,Uptown Social,587 King St,ChIJK_IU5Gl6_ogRSRZ2slY7U48,CHS,
WINNER in the Park Park Slope,Winner in the Park,367 7th Avenue,ChIJg8UZJyNbwokR0-LkfR8MPJQ,NYC,
WINNER Butcher Park Slope,Winner Butcher,367 7th Avenue,ChIJvaJYgaVbwokR7sVs_le8J7Y,NYC,
Octavia Pacific Heights,Octavia,1701 Octavia Street,ChIJs32Mdr-AhYARZmI19fIPvOM,SF,
Mosto Mission,MOSTO,741-A Valencia St,ChIJvfcHtPR_j4ARiPrad4Watgo,SF,
Tacolicious Mission,Tacolicious,741 Valencia Street,ChIJfxUo-Od_j4ARz1tjyoQIPAM,SF,
La Noxe Chelsea,La Noxe,10 River Road #5M,ChIJpy4I5A1ZwokRkeVFxbwI2f8,NYC,
Tacolicious (Marina) - Bar Blackbird,Tacolicious,2250 Chestnut Street,ChIJkbv8N9eAhYARMyu5POX9pRk,SF,
MOSTO - Bar Blackbird,MOSTO,741-A Valencia St,ChIJvfcHtPR_j4ARiPrad4Watgo,SF,
Hazie's - BAR BLACKBIRD,Hazie's,501 Hayes Street,ChIJn-6m802BhYARruM4u0h9-Bc,SF,
The Brixton - BAR BLACKBIRD,The Brixton,2140 Union Street,ChIJr066l9qAhYARBzcA3aD1zXM,SF,
6 Tables Marina,6 Tables,1849 Union St.,ChIJ6zLGfVeBhYARVqQDL4-aTmg,SF,
Okaeri Japanese Bistro,Okaeri Japanese Bistro,"3515 20th St, ",ChIJc2x-KdV_j4ARr3s50-Q5LcE,SF,
Bar Madonna Williamsburg,Bar Madonna,367 Metropolitan Ave,ChIJUWhXmjpZwokRjvRZ1_vjTqI,NYC,
Castro Indian Restaurant & Bar The Castro,Castro Indian Restaurant & Bar,468 Castro St.,ChIJETxWCZN_j4ARf1B301i5-ys,SF,
Bar Iris Russian Hill,Bar Iris,2310 Polk Street,ChIJQ3FRFZ-BhYAR3Rt6OXN6hSo,SF,
The Mary Lane,The Mary Lane,"99 Bank St, New York, NY 10014",ChIJvfpl3GpZwokR9Doyl16Ku_w,NYC,
Sightsee Hampton Park Terrace,Sightsee Shop,"125½, Line St",ChIJ28KoQWN7_ogRzSP8Hzqzfhw,CHS,
Seamore's Brookfield Place,Seamore's,66 Water St,ChIJh2voNWlbwokRfmpK-ELePzA,NYC,
The Test Brewery Williamsburg,The Test Brewery,302 Metropolitan Avenue,ChIJYflFPQBZwokRLloJXYjDNEA,NYC,
StarChild Rooftop,Starchild Rooftop Bar & Lounge,305 W 48th St,ChIJZa0wOP5ZwokRsVyDcNLoUlg,NYC,
StarChild Rooftop,Carver Road Hospitality,"305 W 48th St NY NY (Billing is Rabble HK LLC, 197 E California Ave Suite #270 Las Vegas NV)",ChIJZa0wOP5ZwokRsVyDcNLoUlg,NYC,
Rosevale Kitchen Midtown,Rosveale Kitchen,,ChIJ_XQGaExZwokRTmvrhBoWHUY,NYC,
Rosevale Kitchen Midtown,Carver Road Hospitality,"305 W 48th St NY NY (Billing is Rabble HK LLC, 197 E California Ave Suite #270 Las Vegas NV)",ChIJ_XQGaExZwokRTmvrhBoWHUY,NYC,
Rosevale Cocktail Bar,Carver Road Hospitality,"305 W 48th St NY NY (Billing is Rabble HK LLC, 197 E California Ave Suite #270 Las Vegas NV)",ChIJ_XQGaExZwokRTmvrhBoWHUY,NYC,
Rosevale Cocktail Bar,Rosevale Cocktail Room,305 West 48th Street,ChIJ_XQGaExZwokRTmvrhBoWHUY,NYC,
Trick Dog Mission,Trick Dog,3010 20th Street,ChIJFc-4Pzd-j4ARf66cV7PRZxw,SF,
The Harlow James Island,The Harlow,1015 Harbor View Rd,ChIJhXhO4UR5_ogRMvd7NEEgzSY,CHS,
Paradiso Restaurant + Bar Park Circle,Paradiso Charleston,4401 McCarthy Street,ChIJ6cgIbrxk_ogR4K7YKh2pdv8,CHS,
The Archer East Central,The Archer,,ChIJPaaxZsJ7_ogRSbOGoLwL9VY,CHS,
Phoenix Palace Chinatown,Phoenix Palace,,ChIJQfxkBwBbwokRdqZAdAUuTFc,NYC,
Levantine,Levantine,"361 Graham Ave, Brooklyn, NY 11211",ChIJvTv-1VBZwokRi3Wl2t2QvVY,NYC,
Callie's Hot Little Biscuit King Street,Callie's Hot Little Biscuit (Meeting Street),1895 Avenue F,ChIJzwStSmp6_ogRoa1vyarpiqI,CHS,
Berkeley’s Hampton Park Terrace,Berkeley's,,ChIJZ8LPDn57_ogRtfAHxwB8VdI,CHS,
The Market at Paradiso Park Circle,Paradiso Charleston,4401 McCarthy Street,ChIJ6cgIbrxk_ogR4K7YKh2pdv8,CHS,
The Patio Marina,The Patio,3232 Scott Street,ChIJ8anRoNaAhYARw_7AiSXOyBI,SF,
Veranda Lounge,Veranda Lounge,61 State St,ChIJaZ77_iZ7_ogRkIbToV7u2Hs,CHS,
The Bar at The Spectator,The Bar at The Spectator,"67 State St, Charleston, SC 29401",ChIJwXiSIp97_ogR81S_Th4qiVs,CHS,
Bar Iris -BAR BLACKBIRD- New Deal,Bar Iris,2310 Polk Street,ChIJQ3FRFZ-BhYAR3Rt6OXN6hSo,SF,
The Greats of Craft Midtown East,The Greats of Craft - Midtown East,983 1st Ave.,ChIJs6AxqHdZwokRwkvw64aePmI,NYC,
The Greats of Craft LIC,The Greats of Craft - LIC,,ChIJL0xJb_ZZwokRfmKufMDAycE,NYC,
Little Charli Greenwich Village,Little Charli East Hampton,271 Bleecker St,ChIJi9KyP7JZwokRODCiGhV2_KI,LI,
Brooklyn Brewery Williamsburg,Brooklyn Brewery,79 North 11th Street,ChIJUaAuMl1ZwokRt0-S_ynnRtc,NYC,
Good Thanks Williamsburg,Good Thanks- Williamsburg,31 Orchard Street,ChIJYzGsnstZwokRkcK34hMLbV0,NYC,
Roberta's Williamsburg,Roberta's Domino Park,261 Moore Street,ChIJby7B1blZwokRzCBPwiaSbTY,NYC,
Cha Cha Tang West Village,Cha Chan Tang,257 6th Avenue,ChIJteQQa4RZwokRxrQRw-hpCqI,NYC,
Verde Mount Pleasant,Verde Restaurant - Mt. Pleasant,,ChIJ5bKJ9dtx_ogRC2LndtxGrNM,,
Verde - King Street,Verde - King St.,433 King Street,ChIJg7b6WRN6_ogRMxXw1kPkUEM,CHS,
Little Rascal Nolita,Little Rascal,163 Elizabeth St,ChIJL8FQnohZwokRtuZZu_mQ_xI,NYC,
Little Rascal Greenpoint,Little Rascal- Greenpoint,163 Elizabeth Street,ChIJ01RS_U1ZwokRYmG4U1zKxgs,NYC,
Brown Dog Deli Harleston Village,Brown Dog Deli,225 Calhoun St,ChIJHRq3Sw56_ogRsVgGoXhhptQ,CHS,
Verde MUSC Main Hospital,Verde Restaurant - MUSC Main Hospital,,ChIJv9sG_FBawokRla6TIaJSNM4,NYC,
Verde  Airport,Verde Restaurant - Charleston International Airport,,ChIJK_CSR6Bl_ogRvvcG30aQ4k4,CHS,
Verde College of Charleston,Verde Restaurant - College of Charleston,,ChIJK_CSR6Bl_ogRvvcG30aQ4k4,CHS,
Bar Enzo Long Island City,The Greats of Craft - Bar Enzo - LIC,,ChIJD_uCNtNZwokR8uyJSOjMuZQ,NYC,
Verde Avondale,Verde Restaurant - Avondale,,ChIJGXy4c8J7_ogR3zm4tOX3Bc4,NYC,
Verde Belle Hall,Verde Restaurant - Belle Hall,,ChIJ5bKJ9dtx_ogRC2LndtxGrNM,NYC,
Verde Park Circle,Verde Restaurant - Park Circle,,ChIJK_CSR6Bl_ogRvvcG30aQ4k4,CHS,
Verde MUSC - Ashley River Tower,Verde Restaurant - MUSC Ashley River Tower,,ChIJi2WKszl6_ogRfD7bDDJVkCs,NYC,
Trick Dog-BAR BLACKBIRD,Trick Dog,3010 20th Street,ChIJFc-4Pzd-j4ARf66cV7PRZxw,SF,
Local Roots Market57,localroots.nyc,101 Warren Street,ChIJOVrVlpJZwokRyWwXfTLLV3M,NYC,
Clerks Downtown,Clerks Coffee Company,181 Church St,ChIJwQPCRS17_ogRXFQ2EbBGdz4,CHS,
Frannie & The Fox Downtown,Frannie & The Fox,181 Church Street,ChIJOetRgzp7_ogR_eJsx6ttGls,CHS,
Cafe Colette,Cafe Colette,79 Berry St,ChIJBanVDl1ZwokROc3C9FpKZ78,NYC,
Carriage House,Carriage House,142 West 10th Street,ChIJlzm4NCRZwokRGSjvjX5yFvI,NYC,
Meraki Williamsburg,Meraki Greek Bistro,142 Southeast 1st Avenue,ChIJQbmcEdFZwokRR02fTE9tLhA,NYC,
Ruffian East Village,Ruffian,125 East 7th Street,ChIJHfvtRp1ZwokREpFE8Z1BEKs,NYC,
Breeze Greenpoint,Breeze,,ChIJayMXxXBZwokRq41Uj462dS0,NYC,
Spaghetti Incident Lower East Side,Spaghetti Incident,231 Eldridge Street,ChIJa00rEYRZwokRP-GRuN-bLTQ,NYC,
TALEA Beer Co. - Penn District,TALEA Beer Co.,"22 W 40th St, New York, NY 10018",ChIJnc6ISERZwokRcs56foDArOM,NYC,
Bar Sprezzatura Financial District,Bar Sprezzatura,"One Maritime Plaza, #100",ChIJU00uDM6BhYAR_ZOluZ0m4qA,SF,
Bad Roman Columbus Circle,Bad Roman,"3rd floor, 10 Columbus Cir",ChIJG0fkfuJZwokRqmAxXTpYP2I,NYC,
Twin Tails Columbus Circle,Twin Tails,10 Columbus Circle 3rd Floor,ChIJbxASGTNZwokR9eIMYL28EQE,NYC,
Alphabet City Beer Co. Lower East Side,Alphabet City Beer Co.,"6 Loisaida Ave, New York, NY 10009",ChIJWaWbwHlZwokRj1wHkvB84zE,NYC,
Bar Sprezzatura-BAR BLACKBIRD,Bar Sprezzatura,"One Maritime Plaza, #100",ChIJNVkbEwBZwokRcQJBrkU_Wuo,SF,
Zou Zou's Hudson Yards,Zou Zou's,385 9th Avenue,ChIJKVbn75VZwokRLdlBWe5rbtU,NYC,
MADELINE'S,MADELINE'S,"113 Franklin St FC, Brooklyn, NY 11222",ChIJzSqlSxpZwokRnXgKKOO_yWE,NYC,
Wine:30,Wine:30,41 E 30th St,ChIJiUAH6adZwokRfDpIF52xwuo,NYC,
Arthur and Sons Murray Hill,Arthur & Sons Murray Hill,145 East 39th Street,ChIJ5wRLNwBZwokRCRy7BYuPh6w,NYC,
Hudson Club Midtown,Hudson Club,136 w 55th st,ChIJZ49dwcNZwokRtUHt_n4BYME,NYC,
5ive Spice- Nolita,5ive Spice- Nolita,"227 Mulberry St, New York, NY 10012",ChIJO1_22AhZwokRm6t3InR_YCQ,NYC,
Wildflower Chelsea,Wildflower,505 W 23rd St,ChIJnReZJQBZwokRRwOUbuV7JzE,NYC,
5ive Spice- Grammercy,5ive Spice- Gramercy,"363 3rd Ave New York, NY 10016",ChIJg_hIprRZwokRG4Dms5riUOU,NYC,
Milos Meze,Milos Meze,3348 Steiner St.,ChIJz5elL9eAhYARHEkGT1LSNkc,SF,
KAIYŌ Rooftop SOMA,KAIYO ROOFTOP,"701 3rd St 12th Floor,",ChIJAS1jCN5_j4AR_KeMCaeunWw,SF,
Kid,Kid,,ChIJg0HWjBpawokRzYQIfpNPsSo,NYC,
The Greats of Craft - Midtown East- Bfast Pass,The Greats of Craft - Midtown East,983 1st Ave.,ChIJs6AxqHdZwokRwkvw64aePmI,NYC,
Motel Morris Chelsea,The Morris,132 7th Ave,ChIJEc5RXrxZwokR2Zud13FFqR0,NYC,
X-Golf Williamsburg,X Golf Brooklyn,225 South Main Street,ChIJeYgCuyJZwokR1g2Im-QCgtk,NYC,
KAIYO ROOFTOP - BAR BLACKBIRD-New Deal,KAIYO ROOFTOP,"701 3rd St 12th Floor,",ChIJAS1jCN5_j4AR_KeMCaeunWw,SF,
Tacombi - nolita,Tacombi,"267 Elizabeth St, New York, NY 10012",ChIJdfD8moVZwokRO6vxjXAtoWs,NYC,
Tacombi - nolita,Tacombi (Parent Company),265 Bowery,ChIJdfD8moVZwokRO6vxjXAtoWs,NYC,
Kaiyo Soma,KAIYO RESTAURANT,"701 3RD ST, FLOOR 1",ChIJAS1jCN5_j4AR_KeMCaeunWw,SF,
Midnights,Midnights,149 North 6th Street,ChIJoerR5V1ZwokRu55P9DJaNEo,NYC,
Midnights,X Golf Brooklyn,225 South Main Street,ChIJoerR5V1ZwokRu55P9DJaNEo,NYC,
Cecilia East Village,Cecilia,97 St Marks Pl,ChIJOxW7qFFZwokR-KdRrjd3o9w,NYC,
Hank's Seafood Restaurant Radcliffborough,Hank's Seafood Restaurant,10 Hayne St,ChIJt5BmhQ16_ogRbwSj1J64dmA,CHS,
Milk & Hops Chelsea,Milk & Hops,166 9th Ave,ChIJN6avE7lZwokRZrgdqFX1f6Y,NYC,
Twist Bar,Twist Bar,,ChIJL8iG0HNZwokR70zQBzoMKTc,NYC,
Little Palm Downtown,Little Palm,237 Meeting St,ChIJC4n-xyN7_ogRFpS2Bz2a7Wg,CHS,
The Coffee Counter French Quarter,The Coffee Counter,237 Meeting Street,ChIJU3WDczx7_ogR525G2DE5d8Q,CHS,
Kru,Kru,190 North 14th Street,ChIJz0Bt0ldZwokR698-eT0Dh88,NYC,
Kings of Kobe - Wagyu Kitchen & Bar Hell's Kitchen,Kings of Kobe,650 W 42nd St,ChIJlaUCHbxZwokRUPWZkyNQyYg,NYC,
Amarena Russian Hill,Amarena,2162 Larkin Street,ChIJM7I8HemAhYARjCsAkDZd_D8,SF,
Wabi Nori,Wabi Nori,"115 Essex St, New York, NY 10002",ChIJSU8szcZZwokRurWGO4cm_3g,NYC,
Fan Fan Doughnuts Clinton Hill,Fan Fan Doughnuts,448 Lafayette Avenue,ChIJ-eBifR5bwokRgXeVyNhDBFg,NYC,
Bar Six,Bar Six,"502 6th Ave, New York, NY 10011",ChIJ9bgCzJdZwokRvm_6RoQ8edg,NYC,
Wild East Brewing Co.,Wild East Brewing Co.,"623 Sackett St, Brooklyn, NY 11217",ChIJCb9dhqVbwokRRWJzMd-IdYk,NYC,
Due West West Village,Due West,189 W 10th St,ChIJEyUgYZRZwokRETFRosKubF8,NYC,
Mijo Chelsea,Mijo (Chelsea),25 West 11th Street,ChIJYz7xMA1ZwokRKF9e6rssLcA,NYC,
The Purple Tongue Wine Bar,Purple Tongue,"410 W 43rd St, New York, NY 10036",ChIJw4INJQBZwokRQDsl00Ujaig,NYC,
Ricco Mediterranean Restaurant Marina,Ricco Mediterranean Restaurant,3145 Fillmore Street,ChIJT38zVACBhYARt6kXf2xuSvs,SF,
Fornino Greenpoint,Fornino,849 Manhattan Ave,ChIJx1Bo1EBZwokRUZ_xdNzvcLY,NYC,
Falu House,Falu House,,ChIJbwTrdABZwokRJBMnW6dXFoM,NYC,
Amelie  Polk Gulch,Amelie San Francisco,1754 Polk Street,ChIJ88G-quuAhYAR7bj0Yhr8gwI,SF,
Bergerac SoMa,Bergerac,316 11th Street,ChIJ5wZMMyZ-j4ARDpT0d0kIx7A,SF,
Nowon - East Village East Village,Nowon East Village,507 e 6th street,ChIJjReAQKxZwokRnnraeb2WJ18,NYC,
Nowon Bushwick,Nowon Bushwick,436 Jefferson Street,ChIJCzyNLENbwokR-lXh5FtzU70,NYC,
Nowon - Bushwick Bushwick,Nowon Bushwick,436 Jefferson Street,ChIJCzyNLENbwokR-lXh5FtzU70,NYC,
LaRina Pastificio & Vino,LaRina Pastificio & Vino,"387 Myrtle Ave, Brooklyn, NY",ChIJweAtELhbwokRO1AexCvuRo0,NYC,
Threes Brewing Greenpoint,Threes Brewing Gowanus,333 Douglass Street,ChIJE6U0R0BZwokRqbil1N5FfAM,NYC,
Strange Delight,Strange Delight,63 Lafayette ave ,ChIJSZ__agBbwokRFqNZkOBfbsk,NYC,
Bar Moga SoHo,Bar Moga,128 W Houston St,ChIJRy7Z-I1ZwokRQm17a6QDJ6E,NYC,
Brooklyn Brewery (Craft Beer Pass),Brooklyn Brewery,79 North 11th Street,ChIJUaAuMl1ZwokRt0-S_ynnRtc,NYC,
Alphabet City Beer Co. - Craft Beer Pass,Alphabet City Beer Co.,"6 Loisaida Ave, New York, NY 10009",ChIJWaWbwHlZwokRj1wHkvB84zE,NYC,
Torch & Crown Brewing Company - Craft Beer Pass,Torch & Crown Brewing Company,12 Vandam Street,ChIJFcrad0_1wokRgswE_VOwb4o,NYC,
Moody Tongue Sushi - Craft Beer Pass,Moody Tongue Sushi,,ChIJGUJaVtVZwokR3VU_JU2pedg,NYC,
Threes Brewing Gowanus,Threes Brewing Gowanus,333 Douglass Street,ChIJ__u3R6tbwokRYMOym8O83H0,NYC,
Gotham Burger Social Club Greenpoint,Gotham Burger Social Club @ Threes Brewing,113 Franklin St,ChIJXZ6WJABZwokRDi2X0_3I1Mo,NYC,
Gotham Burger Social Club Greenpoint,Gotham Burger Social Club,113 Franklin St,ChIJXZ6WJABZwokRDi2X0_3I1Mo,NYC,
Moody Tongue Pizza,Moody Tongue Pizza,123 st marks pl,ChIJGSBX5MNZwokR8dULUeLZH5M,NYC,
Lume West Village,Lume,"259 West 4th Street, New York, NY 10014",ChIJN-YZAHNZwokRfCSd6SaZWUc,NYC,
Kings County Distillery,Kings County Distillery,"Kings County Distillery, 299 Sands St, Brooklyn, NY 11205",ChIJbe26PclbwokRfrb6lAnTB30,NYC,
Patisserie Fouet Midtown,Patisserie Fouet,15 E 13th St,ChIJE_xuhXVZwokR6efVoP5x41g,NYC,
Estancia Piola,Estancia Piola,,ChIJ-cemB1xbwokRUuBRPBg0opo,NYC,
The Ox Greenpoint,The OX Wine Bar,,ChIJW5CTpjRbwokRoyMu9xFuCKE,NYC,
Krupa Grocery South Slope,Krupa Grocery,231 Prospect Park W,ChIJDXCWZh5bwokROj_-7EfM3NI,NYC,
BRISCOLA TRATTORIA,BRISCOLA TRATTORIA,"798a Franklin Ave, Brooklyn, NY 11238, United States",ChIJD6W7CwBbwokRwO5z7BMo7-M,NYC,
Kokomo Greenpoint,Kokomo,65 Kent Ave,ChIJ9-EhOXlZwokRSdB_B9mYM30,NYC,
Oxomoco,Oxomoco,"128 Greenpoint Ave, Brooklyn, NY 11222",ChIJ__-z7kBZwokRezHqB39zBLI,New York,
Black Seed Bagels Nolita,Black Seed Bagels,176 1st Avenue,ChIJV1BBkp1ZwokRpjqvV01uiqg,NYC,
Heirloom Cafe Mission,HEIRLOOM CAFE,2500 Folsom Street,ChIJ3XEasjl-j4ARWcW8iwtlkhw,SF,
Park Slope Ale House Park Slope,Park Slope Ale House,"356 6th Ave, Brooklyn, NY 11215, United States",ChIJwyH4GwJbwokRO0x0jD_unvw,NYC,
MáLà Project -EV- New Deal,MáLà Project ,"245 E 53rd St, New York, NY 10022",ChIJM2NCGJ1ZwokRA2nCkZcz08g,New York,
Someday Bar NYC,Someday Bar NYC,"364 Atlantic Ave Brooklyn, NY 11217",ChIJW7hnbe5bwokRG2IHXWO1xcA,NYC,
Other Half Brewing - 600 5th Ave,Other Half Brewing (Parent),"600 5th Ave, New York, 10020",ChIJ56J9GJFZwokRdJwuF-USZIs,NYC,
Other Half Brewing - 600 5th Ave,Other Half Brewing (600 5th Ave),195 Centre Street,ChIJ56J9GJFZwokRdJwuF-USZIs,NYC,
Cane Pazzo,Cane Pazzo,"1276 Yeamans Hall Rd, Hanahan, SC 29410",ChIJPc3odmxj_ogRMyxZUrj4HU4,CHS,
Shuggie's,Shuggie's,"3349 23rd St, San Francisco, CA 94110",ChIJr5cI0LR_j4ART457wcGBDoY,SF,
The Morris,The Morris,"2501 Mariposa St, San Francisco, CA 94110
",ChIJqZE4DTF-j4ARUYdqdEEgh8k,SF,
Elixir,Elixir,"3200 16th St, SF, CA 94103",ChIJvwAwoRh-j4AR1BKWDkmJ3-E,SF,
NOPALITO,Nopalito,"306 Broderick St., San Francisco, CA 94117",ChIJWdx6WK6AhYARchLwAKyG4-Y,SF,
Blue Plate,Blue Plate,"3218 Mission St.SF, CA 94110",ChIJ7d1kDkN-j4ARLXO5JZwg7NI,SF,
Tamarind Tribeca,Tamarind Tribeca,"99 Hudson St, New York, NY 10013",ChIJ6Vva1h9awokRXw_JSQ_x6y4,NYC,
Suprema Provisions,Suprema Provisions,"305 Bleecker St, New York, NY 10014",ChIJR4Ced5NZwokREuYXRM57BmY,NYC,
L'Express,L'Express,249 Park Ave S,ChIJb9HznqFZwokRHWxf3DbskaI,NYC,
L'Express,Chef Driven Hospitality,630 Ninth Avenue,ChIJb9HznqFZwokRHWxf3DbskaI,NYC,
Don Ceviche East Village,Don Ceviche East Village,"57 1st Ave New York, NY 10003",ChIJAf1O3jhZwokRRljq3vIx8ak,NYC,
Don Ceviche Essex,Don Ceviche Essex,"88 Essex Street #11 New York,  NY10002 ",ChIJm9uu_FpZwokR875MVLu2loI,NYC,
Salad Don,Salad Joon,"88 Essex Street #3 New York, NY 10002",ChIJNxi3aTJZwokR22BQhiSpRjw,New York,
Chambers,Chambers eat + drink,"94 Chambers St #1, New York, NY 10007",ChIJ43KaxzxbwokRVjbWT05nZ_M,New York,
ALL BLUES,ALL BLUES,"87 Walker St, New York, NY 10013",ChIJdROsbwBbwokRHl54aM_rAsc,NYC,
l’abeille,l’abeille,"412 Greenwich St, New York, NY 10013",ChIJq75Ur-tZwokRo7I_F_PhlcU,NYC,
l'abeille à côté,L’Abeille,"412 Greenwich StreetNew York, NY, 10013",ChIJq75Ur-tZwokRo7I_F_PhlcU,NYC,
Sushi Ichimura,Sushi Ichimura,"412 Greenwich Street New York, NY, 10013",ChIJU10X_TJZwokRuSfnHw4dhQE,NYC,
Tio Pepe,Pepes Restaurant Group,"168 West 4th Street, New York, NY 10014",ChIJ06Eo6ZNZwokR_ngr5nAD7do,NYC,
Tio Pepe,Tio Pepe Restaurant,168 West 4th Street,ChIJ06Eo6ZNZwokR_ngr5nAD7do,NYC,
Burgers and Beer NYC,Burgers and Beer,170 West 4th Street,ChIJz1tFP_9ZwokR1NewYt9iemw,NYC,
Burgers and Beer NYC,Pepes Restaurant Group,"168 West 4th Street, New York, NY 10014",ChIJz1tFP_9ZwokR1NewYt9iemw,NYC,
DACHA Kitchen & Bar,DACHA Kitchen & Bar,"1085 Sutter Street, SF, CA 94109",ChIJwzLVbKSBhYAROU9e3ep4_BU,SF,
25 Lusk,25 Lusk,"25 Lusk, SF, CA 94107",ChIJwzwoQNZ_j4ARtdLL7CUl4TQ,SF,
St. Mazie,St. Mazie Bar & Supper Club,"345 Grand St, Brooklyn, NY 11211
",ChIJSy8Bbl9ZwokR8QnOQHNn4hk,NYC,
Grimm Artisanal Ales,Grimm Artisanal Ales,"990 Metropolitan Ave, Brooklyn, NY 11211",ChIJO0onUVNZwokRAuTHAAO2OA0,NYC,
Kalye - Rivington,Kalye,"251 Broome St, New York, NY 10002",ChIJzxi2CEFZwokRGLb3H5aeHDU,NYC,
Rocco's Sports & Recreation Noho,Rocco's Cafe,"1131 Folsom St, SF, CA 94103",ChIJ2fLg9KdZwokR0cET1EjEuwk,SF,
Kings County Brewers Collective,Kings County Brewers Collective,"381 Troutman St, Brooklyn, NY 11237",ChIJb6ZVSB1cwokRES6FZ2WAMAA,NYC,
Kalye - Broome St,Kalye,"251 Broome St, New York, NY 10002",ChIJj4yA4zJZwokRtQObXxWzxhc,NYC,
carminestreetbeers.com,carminestreetbeers.com,"52 A Carmine St, New York, NY 10014",ChIJ5fF_9ZJZwokRvdVUZVpa2_I,NYC,
MáLà Project -Greenpoint- New Deal,MáLà Project ,"245 E 53rd St, New York, NY 10022",ChIJM2NCGJ1ZwokRA2nCkZcz08g,New York,
MáLà Project -Bryant Park- New Deal,MáLà Project ,"245 E 53rd St, New York, NY 10022",ChIJuyQyqf9YwokRSlObfXst7sQ,New York,
MáLà Project -Midtown- New Deal,MáLà Project ,"245 E 53rd St, New York, NY 10022",ChIJuyQyqf9YwokRSlObfXst7sQ,New York,
Good Guys,Attaboy/Good Guys Parent,8 Mcferrin Avenue,ChIJqcXTb0NZwokRPbW9xBZwUEs,NYC,
Good Guys,Good Guys,134 eldridge 10002,ChIJqcXTb0NZwokRPbW9xBZwUEs,NYC,
Sunday to Sunday,Sunday to Sunday,"88 Orchard St, New York, NY 10002",ChIJnf5Rpv1ZwokRTzMEC8i44xE,NYC,
Butcher's Daughter Nolita - Market,The Butcher's Daughter,1205 Abbot Kinney Boulevard,ChIJiYsEnohZwokR8oZK_TgmSjY,NYC,
Butcher's Daughter Nolita - Market,The Butcher's Daughter (Nolita),,ChIJiYsEnohZwokR8oZK_TgmSjY,NYC,
Bodega SF,Bodega SF,"138 Mason Street, San Francisco, California 94102",ChIJh26QnF1_j4AR3B7n6vAHjHQ,SF,
Tempest,Tempest Charleston,"32 N Market St Suite C, Charleston, SC 29401",ChIJiUKdZs17_ogREZcxVv3eh-8,CHS,
Aura Bar & Kitchen - New Deal,Aura Bar & Kitchen,"111 1st Ave., New York, NY 10003",ChIJ5QOQdQtZwokRSy16jOl97Uc,NYC,
Park & Grove,Park & Grove,"730 Rutledge Ave, Charleston, SC 29403",ChIJl6_JCTJ7_ogRIauRHOYdIQo,CHS,
Taco Boy - Downtown,Taco Boy - Downtown,"217 Huger St, Charleston, SC 29403",ChIJT2PTq2B6_ogRIrWFtaGTRrU,CHS,
The Cactus Shop,The Cactus Shop,"231 Kent Ave, Brooklyn, NY 11249",ChIJ_dEen79ZwokRCcfpTzsSprc,NYC,
Padoca Bakery,Padoca Bakery,"210 E 67th St, New York, NY 10065",ChIJh9pAEuhZwokREigHqdeZ8S0,NYC,
El Mansour,El Mansour,"3119 Clement St, SF, CA 94121",ChIJQ-y9wqmHhYARgqK_7YRKZ3I,Sf,
Evil Twin Brewing (Ridgewood),Evil Twin Brewing,"43 Main St, Brooklyn, NY 11201",ChIJv4wxbJ5dwokR_StiDfSvWQc,NYC,
Dear Strangers,Dear Strangers,"147 W 4th St, New York, NY 10012",ChIJY9Lf7W9ZwokR9G-2TSrck04,NYC,
Evil Twin Brewing (Dumbo),Evil Twin Brewing,"43 Main St, Brooklyn, NY 11201",ChIJ-04l4vBbwokRHxrsv5Pf9kQ,NYC,
The Rutherford,Avenida,"PENN 1, 1 Pennsylvania Plaza, New York, NY 10119",ChIJ_SRPqI1ZwokRcBVTMGsnBLE,NYC,
The Rutherford,Rutherford,"PENN 1, 1 Pennsylvania Plaza, New York, NY 10119",ChIJ_SRPqI1ZwokRcBVTMGsnBLE,NYC,
Avenida,Avenida,"PENN 1, 1 Pennsylvania Plaza, New York, NY 10119",ChIJhZJ3Yq5ZwokR7_5fevZJH8E,NYC,
Hellbender Nighttime Cafe,Hellbender Nighttime Cafe,"68-22 Forest Ave, Queens, NY 11385",ChIJG4RMPa1dwokRBET-URZXZJU,NYC,
Goldie’s Tavern,Goldie’s Tavern,"3503 Ditmars Blvd, Astoria, NY 11105",ChIJ277esglZwokRaR3P6oIBXqY,NYC,
Rolo's,Rolo's,"853 Onderdonk Ave, Ridgewood, NY 11385",ChIJWUhoPQhdwokRYsDwo5qMnMU,NYC,
Good Bar,Good Bar,"98 Meserole Ave, Brooklyn, NY 11222",ChIJYaebsEZZwokRdaBnC6WMr5A,NYC,
Peck Slip Social- New Deal,Peck Slip Social,"36 Peck Slip, New York, NY 10038",ChIJLX5S9ZpbwokRuhbbCZkqI2Y,NYC,
Vineapple,Vineapple,"71 Pineapple St, Brooklyn, NY 11201",ChIJkdevwDdawokR0j_3ECiQ8rE,NYC,
Lillian's,Lillian's,"247 Congress Street
Charleston, SC 29403",ChIJAzlh7I17_ogRfARqVvn4emA,CHS,
The Pass,The Pass,"207-A St Philip St, Charleston, SC 29403",ChIJ-a0VOdp7_ogRE9Ems6Nte18,CHS,
Huriyali Gardens (Downtown),Huriyali Gardens - Downtown,"401 Huger St, Charleston, SC 29403",ChIJjczF2lp6_ogRBub6Bfc8OkU,CHS,
Mile End Delicatessen,Mile End Delicatessen,"97 Hoyt St, Brooklyn, NY 11217",ChIJLb9vlE1awokRL4Ume5zpejQ,NYC,
PDA Pizza,PDA Pizza,"669 Union St, Brooklyn, NY 11215",ChIJY3JoJx1bwokRm1F_KUvbR64,NYC,
Ritual,Ritual,"145 Calhoun Street Unit 301, Charleston, SC",ChIJr4BTw5Z7_ogRynn84Z_BHUs,CHS,
Il Corallo Trattoria,II Corallo Trattoria,"176 Prince St, New York, NY 10012",ChIJZ75-yI1ZwokR82kXXJvniwo,NYC,
Momoya Soho- New Deal,Happy Tuna,"380 Lexington Ave, New York, NY 10168",ChIJ4Rw7sVhZwokRJuSZSI0jb4A,NYC,
Momoya Soho- New Deal,An | Japanese Restaurant,"427 Amsterdam Ave, New York, NY 10024",ChIJ4Rw7sVhZwokRJuSZSI0jb4A,NYC,
Debajo,Debajo,"44 W 29th St, New York, NY 10001",ChIJoxar_y9ZwokRIM6a4HXsuo4,NYC,
ZOË,ZOË Cocktail Bar & Bites,"579 Howard St., SF, CA 94105",ChIJl1L3AAqBhYARfrEds4G_pEU,SF,
Ferdi,Ferdi," 15 7th Ave S, New York, NY 10014",ChIJoTTiRY1ZwokRn9SpxgNIx7M,NYC,
Stone Park Cafe,Stone Park Cafe, 324 5TH AVENUE BROOKLYN,ChIJF6deL_5awokRh2ohKTMG2HE,NYC,
Huriyali Riverland,Huriyali Riverland,"2016 WAPPOO DR
Charleston SC 29412",ChIJX3X_Fgx5_ogRclV0AGOOGtA,CHS,
Beer Street,Beer Street,"550 Vanderbilt Ave, Brooklyn, NY 11238",ChIJEVFkpFtbwokR5ItXs2oJnvk,NYC,
Hearty and Healthy,Hearty and Healthy,"103 1st Ave., New York, NY 10003",ChIJZZe0gltZwokRcGgGUjceM_4,NYC,
Ella Funt,Ella Funt,"78-80 E 4th St, New York, NY 10003",ChIJoVcSWWFZwokRjbNOZGOxroo,NYC,
Greenwood Park,Greenwood Park,555 7th Ave Brooklyn,ChIJNTec2OBawokRUv0YTg7oX-E,NYC,
Fred's Dog House,Fred's Dog House,"354 Grand St, Brooklyn, NY 11211",ChIJEcTXd2NZwokRgVij9B5UW0A,NYC,
Thief NYC,Thief NYC,"595 Union Ave, Brooklyn, NY 11211",ChIJQwVjADNZwokRaaCi0RuPzWE,NTC,
Randolph Beer,Randolph Beer,"82 Prospect St, Brooklyn, NY 11201",ChIJix9FO6lbwokRkZyFzr3vOeg,NYC,
Little Dipper,Little Dipper,"135 W 30th St, New York, NY 10001",ChIJWXeePgBZwokRjyCUzI8-NjE,NYC,
Spicy Moon East Village,Spicy Moon,"232 8th Ave, New York, NY 10011",ChIJ7x3Pe11ZwokRLpfe6va9dqs,NYC,
The Little Pig,The Little Pig,"497 Atlantic Ave, Brooklyn",ChIJF2grHfFbwokRMJul5yRY4cw,NYC,
Dalila's,Dalila's,"441 Meeting St Suite F, Charleston, SC 29403",ChIJNXJ234B7_ogRva6P1mgPOw0,CHS,
Pineapple Club,Pineapple Club,"509 E 6th St, New York, NY 10009",ChIJUwJYwU9ZwokR-c64nryhInI,NYC,
Alma Negra,Alma Negra,"494 4TH AVE, BROOKLYN, New York 11215
",ChIJjzh0ftJbwokRIFioM_VxHNQ,NYC,
Tabaré (Williamsburg),Tabaré,"1006 Flushing Ave, Brooklyn, NY 11237",ChIJ80WOzERdwokRXjGSASkDZxk,NYC,
Bee's Knees & Honey Lounge,Bee's Knees & Honey,65 N 7th St,ChIJ__96vgVZwokRgkcY1cmk_VM,NYC,
Marseille,MARSEILLE,630 9th Ave,ChIJDf7etFNYwokR_b7pJ_D2_dM,NYC,
Marseille,Chef Driven Hospitality,630 Ninth Avenue,ChIJDf7etFNYwokR_b7pJ_D2_dM,NYC,
TALEA Beer Co. - West Village,TALEA Beer Co.,"22 W 40th St, New York, NY 10018",ChIJd5DfLnNZwokRRnTNeWXMEZ4,NYC,
TALEA Beer Co. - Williamsburg,TALEA Beer Co.,"22 W 40th St, New York, NY 10018",ChIJ5TvP21FZwokRLFjbliEhRUc,NYC,
TALEA Beer Co. - Cobble Hill,TALEA Beer Co.,"22 W 40th St, New York, NY 10018",ChIJ7Xjm5QlbwokREJkEk_skS48,NYC,
Kiwami,Kiwami,"141 Bridge Park Dr, Brooklyn, NY 11201",ChIJeb_vSCRbwokRVIzbficpCeQ,NYC,
TALEA Beer Co. - Bryant Park,TALEA Beer Co.,"22 W 40th St, New York, NY 10018",ChIJ8YhauntZwokRzw7MOoKb1-I,NYC,
Filé Gumbo Bar,Filé Gumbo Bar,"275 Church St, New York, NY 10013",ChIJTeT7fTxbwokRdPDRDrqWjyM,NYC,
Coleman Public House,Coleman Public House,"427 W Coleman Blvd, Mt Pleasant, SC 29464",ChIJ__n0Xvpw_ogRCHZKuExfVMk,CHS,
Bati,Bati,"1057 Fulton St, Brooklyn, NY 11238",ChIJYXEosLFbwokRZO204ZitA1Q,NYC,
The Liberties,The Liberties,"998 Guerrero St., SF, CA 94110",ChIJXxwyPT5-j4ARMj_hNCaaXZA,SF,
Tacombi - Ft Greene,Tacombi,"267 Elizabeth St, New York, NY 10012",ChIJtUqnIhpbwokRfgI3evXbj-g,NYC,
Tacombi - Ft Greene,Tacombi (Parent Company),265 Bowery,ChIJtUqnIhpbwokRfgI3evXbj-g,NYC,
Tacombi - Fulton Market,Tacombi,"267 Elizabeth St, New York, NY 10012",ChIJY3zOPy8tDogR9JpAbCOy-Es,NYC,
Tacombi - Fulton Market,Tacombi (Parent Company),265 Bowery,ChIJY3zOPy8tDogR9JpAbCOy-Es,NYC,
Tacombi - Flatiron,Tacombi,"267 Elizabeth St, New York, NY 10012",ChIJY-_fXKRZwokRx2b6VzH6su4,NYC,
Tacombi - Flatiron,Tacombi (Parent Company),265 Bowery,ChIJY-_fXKRZwokRx2b6VzH6su4,NYC,
Tacombi - Bleeker,Tacombi,"267 Elizabeth St, New York, NY 10012",ChIJe0S8sZNZwokRAdgEV5COiNE,NYC,
Tacombi - Bleeker,Tacombi (Parent Company),265 Bowery,ChIJe0S8sZNZwokRAdgEV5COiNE,NYC,
Tacombi - FiDi,Tacombi,"267 Elizabeth St, New York, NY 10012",ChIJCxsgff1bwokRt-khy5Okqpg,NYC,
Tacombi - FiDi,Tacombi (Parent Company),265 Bowery,ChIJCxsgff1bwokRt-khy5Okqpg,NYC,
Tacombi -LIC,Tacombi,"267 Elizabeth St, New York, NY 10012",ChIJp9WpPSxZwokR9e5KFVB9lWQ,NYC,
Tacombi -LIC,Tacombi (Parent Company),265 Bowery,ChIJp9WpPSxZwokR9e5KFVB9lWQ,NYC,
Tacombi - UWS,Tacombi (Parent Company),265 Bowery,ChIJS4_amZhZwokRI32P3NwpsRU,NYC,
Tacombi - UWS,Tacombi,"267 Elizabeth St, New York, NY 10012",ChIJS4_amZhZwokRI32P3NwpsRU,NYC,
Tacombi -UES,Tacombi (Parent Company),265 Bowery,ChIJRc_0nbJZwokRPKi2zXCpaaY,NYC,
Tacombi -UES,Tacombi,"267 Elizabeth St, New York, NY 10012",ChIJRc_0nbJZwokRPKi2zXCpaaY,NYC,
Tacombi - Westbury,Tacombi (Parent Company),265 Bowery,ChIJO0AoGdKHwokRhGmV5GN8o-k,NYC,
Tacombi - Westbury,Tacombi,"267 Elizabeth St, New York, NY 10012",ChIJO0AoGdKHwokRhGmV5GN8o-k,NYC,
Tacombi - ESB,Tacombi (Parent Company),265 Bowery,ChIJTQeoA6lZwokRpXP-fGPn4oU,NYC,
Tacombi - ESB,Tacombi,"267 Elizabeth St, New York, NY 10012",ChIJTQeoA6lZwokRpXP-fGPn4oU,NYC,
Tacombi - Williamsburg,Tacombi,"267 Elizabeth St, New York, NY 10012",ChIJITt5Kl5ZwokRO71zHAwXV2g,NYC,
Tacombi - Williamsburg,Tacombi (Parent Company),265 Bowery,ChIJITt5Kl5ZwokRO71zHAwXV2g,NYC,
Tacombi - Wicker Park,Tacombi (Parent Company),265 Bowery,ChIJXzk9Gw3TD4gRt_-bxIe8jdE,NYC,
Tacombi - Wicker Park,Tacombi,"267 Elizabeth St, New York, NY 10012",ChIJXzk9Gw3TD4gRt_-bxIe8jdE,NYC,
Tacombi - Forest Hills,Tacombi (Parent Company),265 Bowery,ChIJWwL9DZdfwokR2NsMW_PCDxk,NYC,
Tacombi - Forest Hills,Tacombi,"267 Elizabeth St, New York, NY 10012",ChIJWwL9DZdfwokR2NsMW_PCDxk,NYC,
Other Half Brewing - 195 Centre Street,Other Half Brewing (Parent),"600 5th Ave, New York, 10020",ChIJyXHHyfZawokRm6SBxpOHUxY,NYC,
Other Half Brewing - 195 Centre Street,Other Half Brewing (Centre St),195 Centre Street,ChIJyXHHyfZawokRm6SBxpOHUxY,NYC,
Other Half Brewing - 34 River Street,Other Half Brewing (Parent),"600 5th Ave, New York, 10020",ChIJ9bsn229ZwokR0CENMNxupqg,NYC,
Other Half Brewing - 34 River Street,Other Half Brewing (34 River Street),195 Centre Street,ChIJ9bsn229ZwokR0CENMNxupqg,NYC,
Maybank Public House,Maybank Public House,"1970 Maybank Hwy, Charleston, SC 29412",ChIJu1AjHF55_ogRJxqL6Y7C25M,CHS,
Padoca Bakery (Lenox Hill),Padoca Bakery,"210 E 67th St, New York, NY 10065",ChIJwc5zFsJYwokRk4HHVMtS74A,NYC,
Tabaré (Bushwick)- New Deal,Tabaré,"1006 Flushing Ave, Brooklyn, NY 11237",ChIJ80WOzERdwokRXjGSASkDZxk,NYC,
Alora (SF),Alora,"Pier 3, Hornblower landing, San Francisco, CA 94105",ChIJ20bNEACBhYARtsTcSrSPFdU,SF,
Emblem,Emblem BK,"187 Graham Ave, Brooklyn, NY 11206",ChIJ__-zvv1bwokRq7XrbriPQZQ,NYC,
Birdee,kenthg.com,316 Kent Ave. Brooklyn NY 11249,ChIJJbmnn01ZwokRRBmMCKIY8K8,NYC,
Birdee,Birdee,316 Kent Ave. Brooklyn NY 11249,ChIJJbmnn01ZwokRRBmMCKIY8K8,NYC,
Komaaaj,Komaaj,"20 29th St, San Francisco, CA 94110",ChIJVVXlLPh2hYAR20ALCmb9rC8,SF,
Puttery - Museum,Puttery,"446 W 14th St, New York, NY. 10014.",ChIJUxpywGVZwokRIvAIwd-hcrc,NYC,
Puttery Lodge,Puttery,"446 W 14th St, New York, NY. 10014.",ChIJUxpywGVZwokRIvAIwd-hcrc,NYC,
Pastai,Pastai,"186 9th Ave, New York, NY 10011",ChIJ81V-dblZwokRsTrQH6-BzCk,NYC,
Bomba Cocktail Bar,Puttery,"446 W 14th St, New York, NY. 10014.",ChIJUxpywGVZwokRIvAIwd-hcrc,NYC,
Rory's Rooftop,Puttery,"446 W 14th St, New York, NY. 10014.",ChIJ8cV4ZrNZwokRmXum9urdUpg,NYC,
Accidental Bar,Accidental Bar,"98 Loisaida Ave, New York, NY 10009",ChIJUeg8neFZwokRjTD4oCwTPGk,NYC,
Spicy Moon (West Village),Spicy Moon,"232 8th Ave, New York, NY 10011",ChIJZRP3DW9ZwokR6NnJ9PaMZxI,NYC,
Spicy Moon - Bowery,Spicy Moon,"232 8th Ave, New York, NY 10011",ChIJAb8jiJZZwokROX7aeBYf2I4,NYC,
Spicy Moon - Chelsea,Spicy Moon,"232 8th Ave, New York, NY 10011",ChIJJbctbLdZwokRUbBIho1wN8g,NYC,
Saturn Road,Saturn Road,"276 Court St, Brooklyn, NY 11231",ChIJN_uyy55bwokRzVyFQ6MUTZs,NYC,
Kjun,Kjun,"154 E 39th St, New York, NY 10016",ChIJ7xJ4Rw9ZwokRhQQ-WKtoJFg,NYC,
Bar Boulud,Bar Boulud,1900 Broadway,ChIJG8Pwm_VYwokRtPc8Rwrhdpg,NYC,
Le Gratin,Le Gratin,5 Beekman Street,ChIJj4fN7HBbwokRCB5xca3KF1E,NYC,
La Pavillon,La Pavillon,318 Park Ave s,ChIJjcAJd-tZwokRJ0GkkJ2Urp0,NYC,
Café Boulud,Café Boulud,100 E 63rd St,ChIJCcAxi5RYwokRdUqdw5_FHIk,NYC,
La Tete D'Or,La Tete D'Or,318 park ave south,ChIJsTUVzgBZwokRkUIgGFl_RJc,NYC,
Speedy Romeo,Speedy Romeo,"376 Classon Ave, Brooklyn, NY 11238",ChIJOTob_r1bwokRtUoNNbcmw_g,NYC,
Nabila's,Nabila's,"248 Court Street, Brooklyn, NY, 11201",ChIJcb-HMTlbwokRlwa32aP_wew,NYC,
Artesano Peruvian Cuisine,Artesano Peruvian Cuisine,"90 Chambers St, New York, NY 10007",ChIJv3vgwFZbwokRwP07bRgRYdM,NYC,
Thursday Kitchen,Thursday Kitchen," 424 E 9th St, New York, NY 10009",ChIJVyFicJ1ZwokR2oIygOmovWw,NYC,
Coffee Bar by The Refuge Isle of Palms,The Refuge,,ChIJ7TpSoTJz_ogRYDJ42AYrARo,CHS,
Sereneco Cafe,Sereneco,113 Franklin St,ChIJH_-tMGlZwokRqIqHR22D-zU,NYC,
Lillian's - Market & Cafe,Lillian's Market & Cafe,205 Main Street,ChIJMX7c-EyzwIkRdpy3dZklcbE,CHS,
Criollas West Village,Criollas | Baked Empanadas ,"333 6th Ave, New York, NY 10014",ChIJZ-5Z2OtZwokR5QGPIp0IJVE,NYC,
Criollas | Hells Kitchen,Criollas | Baked Empanadas ,"333 6th Ave, New York, NY 10014",ChIJjUWl9U9ZwokRqu0xrtIv_4M,NYC,
Brass,Brass,n/a,ChIJ81FEDgBZwokR6hAwPtR8c-o,NYC,
The Tusk Bar,The Tusk Bar,"7 E 27th St, New York, NY 10016",ChIJybhcanBZwokRMhTRdNByp3Q,NYC,
Winner Bakery,Winner / Runner Up,367 7th Avenue,ChIJg8UZJyNbwokR0-LkfR8MPJQ,NYC,
Caffe Sport,Caffe Sport,"574 Green Street San Francisco, CA 94113",ChIJB60QZ_GAhYARnFPG-x5vDxE,SF,
Peasant,Peasant,"194 Elizabeth St, New York, NY 10012",ChIJ0XJEBIZZwokR3iPgClK9uEg,NYC,
MOKYO,MOKYO,"109 St Marks Pl, New York, NY 10009",ChIJHxQBcypZwokR7-D3oe4V6Go,NYC,
Tacos 1986 West Village,Tacos 1986 West Village,"164 West 4th Street New York, NY 10014",ChIJG4KjIzNZwokRoNPsES4eqaA,NYC,
Taco Boy - Summerville,Taco Boy - Downtown,"217 Huger St, Charleston, SC 29403",ChIJg5GbV6-L_ogR3TZ5lfdU_qw,CHS,
Taco Boy - Summerville,Taco Boy - Summerville,217 Huger Street,ChIJg5GbV6-L_ogR3TZ5lfdU_qw,CHS,
Taco Boy - Folly Beach,Taco Boy - Folly Beach,217 Huger Street,ChIJvTM9cerX_YgR6VAMsi9emZ0,CHS,
Taco Boy - Folly Beach,Taco Boy - Downtown,"217 Huger St, Charleston, SC 29403",ChIJvTM9cerX_YgR6VAMsi9emZ0,CHS,
Attaboy,Attaboy,"134 Eldridge St, New York, NY 10002",ChIJDbQMBIdZwokRVS4L8B8V5SA,NYC,
Little More,Little More,"111 Reade St, New York, NY 10013",ChIJdca4ZQBbwokRaxJrJc_iboE,NYC,
Sesame Burgers & Beer - Mt. Pleasant - Mt. Pleasant,Glowfisch Hospitality,"1055 Johnnie Dodds Blvd, Suite 100 Mount Pleasant, SC 29464",ChIJ9Y_hi1Zw_ogRtO5Kg6Py3vU,CHS,
Sesame Burgers & Beer - Mt. Pleasant - Mt. Pleasant,Sesame Burgers & Beer - Mt. Pleasant,"675 East Johnnie Dodds Boulevard,
Mt Pleasant, SC 29464",ChIJ9Y_hi1Zw_ogRtO5Kg6Py3vU,CHS,
Five Loaves Cafe - Mt. Pleasant,Glowfisch Hospitality,"1055 Johnnie Dodds Blvd, Suite 100 Mount Pleasant, SC 29464",ChIJT0AAmVZw_ogR4jRTh9lQg7o,CHS,
Five Loaves Cafe - Mt. Pleasant,Five Loaves Cafe - Mt. Pleasant,1055 Johnnie Dodds Blvd #100,ChIJT0AAmVZw_ogR4jRTh9lQg7o,CHS,
Tutti Pizza,Tutti Pizza,"700 King St suite a, Charleston, SC 29403",ChIJm2S3LFl7_ogR-dSlRIN67EU,CHS,
Miznon Chelsea Market,,435 W 15th St,ChIJ8VQWXL9ZwokRvzf2OM4TNP4,NYC,
HaSalon,,757 10th Avenue,ChIJ-YpwVCJZwokR79IyrPpwSVA,NYC,
Port Sa'id,,88 King Street,ChIJtc2oTDJZwokRQiktCdsm9VE,NYC,
Shmone,,61 W 8th St,ChIJBdMLKZBZwokRJ0tYbQ6nfZ4,NYC,
Shmone Wine Bar,,65 W 8th St,ChIJ5eQtHWZZwokRHoU7Tau8axs,NYC,
Malka UWS,,161 W 72nd St,ChIJCyq9Xr1ZwokRtYHX1gcbJF0,NYC,
Malka Dumbo,,56 Adams Street,ChIJ2QOSPEZbwokR5dMpgfr3PKU,NYC,
Pecking House - Chinatown,Pecking House - Chinatown,"83 Henry Street
New York, NY 10002",ChIJiUcz7kBbwokRJnrAWfLcqtk,NYC,
Harborview,Harborview Restaurant And Bar,"4 Embarcadero Center, San Francisco, CA 94111",ChIJZ1SMEQeBhYAR8Y0suKMr48o,SF,
Paper Son Coffee,Paper Son Coffee,"303 2nd St., N102, ",ChIJXVRIc9aBhYARDuJoNx2IVAg,SF,
Chelsea Living Room -New Deal,chelsealivingroomnyc.com,"243 W 14th St, New York, NY 10011",ChIJD0k97wBZwokRQIQ9ioXsZD8,NYC,
Passerine,Passerine,"36 E 20th St, New York, NY 10003",ChIJNz2NYnNZwokRmpUsT-iz-ZE,NYC,
Moby's,Moby's,"341 Pantigo Road East Hampton, NY 11937 ",ChIJ9V8t10i76IkRcj-Aoa-eBIg,NYC,
Temple Bar,Temple Bar,"332 Lafayette st NY, NY 10012",ChIJnSU3A0ZZwokR7idYNeIPu5o,nyc,
Momoya UWS,An | Japanese Restaurant,"427 Amsterdam Ave, New York, NY 10024",ChIJgTrKAYZYwokRrLF7JiGwdNM,NYC,
Mano a Mano,Mano a Mano,"2534 N Milwaukee Ave, Chicago, IL 60647",ChIJ_TpJQMnND4gR7BzXJXstAG8,CHI,
Decades,Decades,"690 Woodward Ave, Queens, NY 11385",ChIJy-XYyNtfwokRnFoJaxU7k0A,NYC,
Brooklyn Kolache,Brooklyn Kolache,"520 DeKalb Ave, Brooklyn, NY 11205",ChIJe1O4wpRbwokRu8RmeM2Xji4,NYC,
Brooklyn French Bakers Columbia Street,Brooklyn French Bakers - Columbia street,"273 Columbia St, Brooklyn, NY 11231",ChIJr5AmcG9bwokR4WQblfK0Nuw,NYC,
Earthly Delights,Earthly Delights,"5738 Myrtle Ave, Ridgewood, NY 11385",ChIJf6iSQwBdwokR_22MmWLKVQk,NYC,
The Ten Bells BK,The Ten Bells BK,"65 Irving Ave, Brooklyn, NY 11237",ChIJv5QvLQddwokR8sH0Q-NHt5Q,NYC,
Blind Tiger,Blind Tiger," 281 Bleecker St, New York, NY 10014",ChIJWW4LoZNZwokRFOD1017tTZc,NYC,
The Commons Chelsea,The Commons Chelsea,"128 7th Ave, New York, NY 10011",ChIJiXJVzLtZwokRbeoV2XxLOdg,NYC,
No. 7,No. 7 Restaurant,"627 Vanderbilt Ave, Brooklyn, NY 11238",ChIJFRTZSdNbwokRPv71NOk5GH8,NYC,
Idaho,Idaho,"349 E 13th St, New York, NY 10003",ChIJaeFdrtdZwokRMn3DrPKdAVc,NYC,
Lazy Sundaes (dumbo),Lazy Sundaes (Dumbo),"170 Front Street
Brooklyn, NY, 11201",ChIJkWdo8pxbwokRb0yfkKXQOrI,NYC,
Blackwood,Blackwood,"2150 Chestnut St, San Francisco, CA 94123",ChIJkfP43NaAhYARkQtRUGeNnlY,SF,
Lost Cat Bar & Bites,Lost Cat Bar & Bites,"587 Post St, San Francisco, CA 94102",ChIJZTcP2_uBhYARQZBWBWXHrkE,SF,
Maries,Marie's,"195 Wyckoff Ave, Brooklyn, NY 11237",ChIJf0_U-V1dwokRrdkZbn2BUew,NYC,
Edmund's Oast Brewing Co.,Edmund's Oast Brewing Co.,"1505 King St #115, Charleston, SC 29405",ChIJGU5FivB6_ogRzmmp7eKqMtQ,CHS,
Pizzette,Pizzaette,"191 Graham Ave, Brooklyn, NY 11206",ChIJk9gLf75bwokRI2fQO4j603s,NYC,
The Sentinel,The Sentinel,"25 Maiden Ln, San Francisco, CA 94108",ChIJcTnoH4iAhYARFWB-p5hD9ek,SF,
Blinky's,Blinky's,"609 Grand St, Brooklyn, NY 11211
",ChIJtxAEdHpZwokRh5_jOETnK8Q,NYC,
Komaaj,,,,SF,
Brooklyn French Bakers - Park Slope,Brooklyn French Bakers - Park Slope,"510 2nd St, Brooklyn, NY 11215",ChIJ6c4obKdbwokRQ85KP3H8zVQ,NYC,
Rosalind Bakery,Rosalind Bakery Cafe at Embarcadero Four,"2 Embarcadero Ctr, San Francisco, CA 94111",ChIJz3XEOo2BhYARl5bha2ABNmM,SF,
Little Honey - New Deal,Little Honey,"487 7th AVENUE BROOKLYN, NY 11215",,NYC,
Carissa's the Bakery - Amagansett,Carissa's the Bakery,n/a,ChIJEdyFBDK76IkRbHAIKMcZYls,LI,
Mercantile Dining & Provision,Mercantile Dining & Provision,"1809 Blake Street, Ste. 200 Denver, CO 80202",ChIJJ3w-CsN4bIcRnjIYAv0i6MU,DEN,
Kachina Cantina,Kachina Cantina,"1809 Blake Street, Ste. 200 Denver, CO 80202",ChIJjxvS2tx4bIcRM0ybOLJpbKE,DEN,
Almond Bridgehampton,Almond,"1 Ocean Rd, Bridgehampton, NY 11932",ChIJX4bnq9i96IkRMhnW2mI-AIQ,Li,
The Original,The Original,"1809 Blake Street, Ste. 200 Denver, CO 80202",ChIJEeom_vp5bIcRnUF3x5pHw5s,DEN,
Bistro Ete,Bistro Ete,"760 Montauk Hwy, Water Mill, NY 11976",ChIJBb_d_piV6IkRzFwzWqvbZcI,NYC,
Indigo,Indigo,"3321 Steiner St., SF, CA 94123",ChIJR3GOKeuBhYARZLjs9-fsh_Q,SF,
Woodie Fisher Kitchen & Bar,Woodie Fisher Kitchen & Bar,"1809 Blake Street, Ste. 200 Denver, CO 80202",ChIJ97BI5sV5bIcRbxRz-Unx0fU,DEN,
Unregular Pizza Union Square,Unregular Pizza Union Square,"135 4th Ave, New York, NY 10003",ChIJY5XrfwVZwokRw3jqTvqqtSA,NYC,
The Corner Office Restaurant & Martini Bar,The Corner Office Restaurant & Martini Bar,"1809 Blake Street, Ste. 200 Denver, CO 80202",ChIJ59c0J9B4bIcRP7IDgFozjiw,DEN,
Urban Farmer Denver,Urban Farmer Denver,"1809 Blake Street, Ste. 200 Denver, CO 80202",ChIJpZERZMN4bIcRBzONa01GT7E,DEN,
Ambler,Ambler,"1809 Blake Street, Ste. 200 Denver, CO 80202",ChIJfQpFkDx5bIcRGnDZ-s_yQnE,DEN,
Call Me Pearl,Call Me Pearl,"1809 Blake Street, Ste. 200 Denver, CO 80202",ChIJnRgAtIF5bIcRGydGN3SuxAs,DEN,
Cruise Room,Cruise Room,"1809 Blake Street, Ste. 200 Denver, CO 80202",ChIJ6QdWCZh5bIcRzjkjBPT0rEI,DEN,
Toro Latin Kitchen & Lounge,Toro Latin Kitchen & Lounge,"1809 Blake Street, Ste. 200 Denver, CO 80202",ChIJxT4AIcp_bIcRL_rWb-gwyoY,DEN,
Catbird Kitchen,Catbird Kitchen,"1809 Blake Street, Ste. 200 Denver, CO 80202",ChIJ44EQpRN5bIcR1nMkfhBXD4s,DEN,
Poka Lola Social Club,Poka Lola Social Club,"1809 Blake Street, Ste. 200 Denver, CO 80202",ChIJ8c0qxtx4bIcRsrKdtC8dYsk,DEN,
Hart Bar,Hart Bar," 538 Hart St #1, Brooklyn, NY 11221",ChIJl66pMw9cwokRVevR2MmIqBg,NYC,
Spike's Coffee & Teas,Spike's Coffee & Teas,4117 19th st,ChIJIwGPyxp-j4ARaAv8glHW8q4,SF,
Iron Horse,The Sentinel,"25 Maiden Ln, San Francisco, CA 94108",ChIJk-_jVoiAhYARUMRNR_Aq_wU,SF,
House of Shields,The Sentinel,"25 Maiden Ln, San Francisco, CA 94108",ChIJP6l_oGKAhYARafMdGyI-75Q,SF,
Ocean Beach Cafe - SF Breakfast Club,Ocean Beach Cafe,"734 La Playa St, San Francisco, CA 94121",ChIJg4qwGKeHhYARo41FFI_aOss,SF,
Bar 56,bar 56,"53 Water Street, Brooklyn, NY 11201",ChIJ5SzimXpbwokRR2U_8IFONFw,NYC,
Nick and Toni's,Nick and Toni's,n/a,ChIJR2qJI-S66IkRDsNCmihMqXU,Li,
Doubles Amagansett- New Deal,Doubles,"12 Amagansett Square, Amagansett, NY 11930",ChIJqzMtFVex6IkRInzRqRHL-Rc,LI,
Doubles Sag Harbor,Doubles,"12 Amagansett Square, Amagansett, NY 11930",ChIJxU5E7NG96IkR9V2_Tz5I2Bc,LI,
Carta Wine Bar,Carta Wine Bar," 35 Bedford St, New York, NY 10014",ChIJKzDkIQBZwokR1_OvS4ohkRg,NYC,
Hortus,Hortus NYC,"271 5th Ave, New York, NY 10016",ChIJyX-WBOZZwokRROjVTDdgeZE,NYC,
Fresno,Fresno,TBD - Ryan to fill when back from OOO,ChIJg9IYPAS76IkRfQXsnMdOWJA,LI,
Bon Banh Mi - S. Mt. Pleasant,Bon Banh Mi - S. Mt. Pleasant,"1440 Ben Sawyer Blvd, MT.P, SC 29464",ChIJcUCmAw1x_ogR_yzBMrmpL6o,CHS,
Bon Banh Mi - S. Mt. Pleasant,Bon Banh Mi,"1440 Ben Sawyer Blvd, MT.P, SC 29464",ChIJcUCmAw1x_ogR_yzBMrmpL6o,CHS,
Stretch Pizza,Stretch Pizza - Park Ave,"331 Park Ave S, New York, NY 10010",ChIJETw36R9ZwokRmPYazyfvpZ4,NYC,
Clam Bar,Clam Bar,"2025 Montauk Hwy, Amagansett, NY 11930",ChIJa9Ma4Nit6IkRZL9USMZ5EU0,LI,
Dive Bar Pizza,Dive Bar Pizza,466 West Lake Drive,ChIJu0_07FZV74kRhDxteFg83aU,NYC,
Rowdy Hall,Rowdy Hall,"177 Main St, Amagansett, NY 11930",ChIJq-pQXvy66IkR4_sosmglna4,LI,
La Fondita,La Fondita,"74 Montauk Highway, Amagansett, NY 11930",ChIJRem_lc-t6IkRFAsygSqVhu4,LI,
Townline BBQ,Townline BBQ,"3593 Montauk Hwy, Sagaponack, NY 11962",ChIJ7RE7YDq86IkRDGtyIsrUaXU,LI,
Cohche Comedor,Cohche Comedor,"74A Montauk Hwy, Amagansett, NY 11930",ChIJe_iMsOm76IkREotBMvZu2A4,LI,
Charles Pan Fried Chicken (UWS),Charles Pan Fried Chicken (UWS),"146 W 72nd St. New York, NY 10023",ChIJ7_ptNH72wokRWJ29NvzJSd0,NYC,
Jane on Fillmore,Jane on Larkin,2123 Fillmore st,ChIJ7ctrNsaAhYARdwAVqJAAjlQ,SF,
Jane on Larkin - Breakfast Club,,"925 Larkin St, San Francisco, CA 94115",,SF,
Jane the Bakery,Sweet Jane LLC - Parent,"1881 Geary Blvd, San Francisco, CA 94115",,SF,
El Porteno,El Porteno,"1 Ferry Building, #18, SF, CA 94111",ChIJuQFUy02Aj4ARoaOaNCQq7Oc,SF,
"El Porteno (2nd, SF)",El Porteno,"700 2nd St., SF, CA 94107",ChIJpUD6A19_j4ARhWZQu-RmZIE,SF,
La Newyorkina (Red Hook),La Newyorkina (HighLine),"30th Street (on the High Line) New York, NY 11001",ChIJJ4dQEWBawokRKThH6VuPK8Q,NYC,
La Newyorkina (Red Hook),La Newyorkina (Red Hook),"61 Commerce St,
Brooklyn, NY 11231",ChIJJ4dQEWBawokRKThH6VuPK8Q,NYC,
La Newyorkina (HighLine),La Newyorkina (HighLine),"30th Street (on the High Line) New York, NY 11001",ChIJJ4dQEWBawokRKThH6VuPK8Q,NYC,
Mijo (High Line),Mijo (High Line),"30th Street (on the High Line), New York, NY 11001",ChIJW_9iLLdZwokR5m1CIKqPNcs,NYC,
Jacob's Pickles,Jacob's Pickles,"100 N Water St SL0300, Norwalk, CT 06854",ChIJu7LF_5Qf6IkRmZDNoVEEGMU,uws/ues,
Paper Son Coffee (3rd St),Paper Son Coffee (3rd St.),"2343 3rd St UNIT 100, San Francisco, CA 94107",ChIJR0WsBfx_j4AR1GwHWkeqeZ4,SF,
Tasca,Tasca,"505 Columbus Ave, New York, NY 10024",ChIJg-QDdKFZwokRumpX4_PxJuU,NYC,
Friend of a Farmer (UWS),Friend of A Farmer,"77 Irving Pl Ground Floor, New York, NY 10003",ChIJeQcpsdFZwokRLvcPlPKdYuc,uws/ues,
Rintaro,Rintaro," 82 14th St, San Francisco, CA 94103",ChIJgcIdeSZ-j4AR1BE-49mhR-E,SF,
Katsubo Ramen,Katsubo Ramen,"4628 Spruill Ave Suite 101, North Charleston, SC 29405",ChIJMTWHOFRl_ogRfc9Npjg4vOc,CHS,
Sound Booth,,"88 King Street New York, NY 10014",,NYC,
Meeting House,Meeting House,"4 Amagansett Square, Amagansett, NY 11930",ChIJrZkgVae66IkR2HGHO22tVys,LI,
Carissa's the Bakery - Bay Street Sag Harbor,Carissa's the Bakery,n/a,ChIJMQ84NJ296IkRs9bjYEIYZK0,LI,
Carissa's the Bakery - Newtown East Hampton,Carissa's the Bakery,n/a,ChIJU7y0tKO66IkRgwM_iWVfvTA,LI,
Bernie's - SF Breakfast Club,Bernie's," 3966 24th St, San Francisco, CA 94114",ChIJ37ticRN-j4ARnoZeLusW0bI,SF,
Little Grenjai - New Deal,Little Grenjai," 477 Gates Ave, Brooklyn, NY 11216",,NYC,
Little Grenjai - New Deal,Little Grenjai," 477 Gates Ave, Brooklyn, NY 11216",,NYC,
Aftermath,Aftermath,"16-80 Madison St, Ridgewood, NY 11385",ChIJWUxCcGFdwokRB1mscVCGvyo,NYC,
Barn Joo (UNION SQUARE),Barn Joo,"UNION SQUARE 35 Union Square W, New York, NY 10003",ChIJQ7XpyqNZwokRQpVfvGEViWM,NYC,
L&W Market,L&W Market,n/a,ChIJDehzRvm96IkRvAxxNbTFqRs,LI,
Ilis,Ilis,"150 Green St, Brooklyn, NY 11222",ChIJHZyajD1ZwokREWLihHYSryQ,NYC,
Lazy Sundaes (LES),Lazy Sundaes (LES),"23 Clinton Street
New York, NY, 10002",ChIJva8gSeVZwokR3TrD7QRjZAE,NYC,
Lazy Sundaes (LES),Lazy Sundae (Greenwich Village),"11 Waverly Place
New York, NY, 10003",ChIJva8gSeVZwokR3TrD7QRjZAE,NYC,
Lazy Sundae (Greenwich Village),Lazy Sundae (Greenwich Village),"11 Waverly Place
New York, NY, 10003",ChIJ7w2fUTdZwokR9-nAUi9iQVE,NYC,
Umbra,Umbra,"785 Hart St, Brooklyn, NY 11237",ChIJR_kku1tdwokROHIILkAiqwk,NYC,
Charles Pan Fried Chicken (Harlem Flagship),Charles Pan Fried Chicken (Harlem Flagship),"340 W 145th St. 
New York, NY 10039",ChIJJ4MKaqP3wokRO-Z7EJaXyOk,NYC,
Mitsuru,Mitsuru,"149 W 4th St, New York, NY 10012",ChIJ53izUQBZwokRJTNgBT_Et_o,NYC,
Mitsuru,Parcelle Wine Bar Group,135 Division Street,ChIJ53izUQBZwokRJTNgBT_Et_o,NYC,
Sunns,Sunns,"139 Division St, New York, NY 10002",ChIJJbrdCQBbwokR0msB9eFOzEE,NYC,
Sunns,Parcelle Wine Bar Group,135 Division Street,ChIJJbrdCQBbwokR0msB9eFOzEE,NYC,
Amélie,Amelie,"566 Amsterdam Ave, New York, NY 10024",ChIJBV27hoNYwokR20JihLuQdUs,"NYC, DC, SF",
"886 (886, WenWen)",886,"26 St Marks Pl, New York, NY 10003",ChIJKbjLf5xZwokRYa6BYJg0Xns,NYC,
"California Kahve (Lincoln, Presidio) - New Deal",,"210 Lincoln Blvd., SF, CA 94129",,SF,
"California Kahve (GG Park, Kezar)",California Kahve,"The Carousel, Kezar Dr., SF, CA 94118",ChIJc7anRY6HhYARLwBiTgNYc48,SF,
California Kahve (JFK Promenade),California Kahve,"JFK Promenade, GG Park, SF, CA 94118",ChIJMQznWQCHhYARYJ1o3D-rn04,SF,
Charles Pan Fried Chicken (Harlem West Side),Charles Pan Fried Chicken (Harlem West Side),"439 W 125th St. New York, NY 10027",ChIJgZ9BHmX3wokRbTO_1t6253k,NYC,
WenWen,Wenwen+,"1025 Manhattan Ave, Brooklyn, NY 11222",ChIJmcr2IF9ZwokRr-u_-UTxju4,NYC,
Rosalind Bakery Cafe,,"450 Manor Plaza, Pacifica, CA 94044",,SF,
Saison Cellar & Wine Bar,Saison Cellar & Wine,"234 Townsend St., SF, CA. 94107",ChIJRRzWRNZ_j4ARc86WTVLCrYk,SF,
Penelope's Coffee & Tea (SM),Penelope's Coffee & Tea (SM),"1326 W. Hillsdale, Blvd., San Mateo, CA 94403
",ChIJrR5MCMyej4AR7p9_0Zsv4RQ,SF,
Steuben’s (DEN),Steuben’s,523 E 17th Ave.,ChIJI8vB8Ct5bIcR40G-TvheRxE,DEN,
Trellis - SF Breakfast Club,Trellis,"981 Mission St, San Francisco, CA 94103",ChIJY0EnjzaBhYARVDEBQc2PdKM,SF,
Cafe Ornithology,Cafe Ornithology," 1037 Broadway, Brooklyn, NY 11221",ChIJJUQ7iB9dwokRbAA0O_h71C4,NYC,
Maison Pickle,Maison Pickle,"2315 Broadway, New York, NY 10024",ChIJrapahYZYwokRdCivYmoCbJ8,uws/ues,
Tiki Chick,Tiki Chick,"517 Amsterdam Ave, New York, NY 10024",ChIJh3HkKvdZwokR-8i3PwLN_mI,NYC,
PENELOPE'S COFFEE & TEA - (SF) New Deal,PENELOPE'S COFFEE & TEA," 121 Spear St., Suite B12, 94105",ChIJq7Ci1KWBhYARqSh4Y-NX06Q,SF,
Penelope's Coffee & Tea (FC),Penelope's Coffee & Tea,"Foster City, CA",ChIJrR5MCMyej4AR7p9_0Zsv4RQ,SF,
Bernie's - New Deal,," 3966 24th St, San Francisco, CA 94114",,SF,
Thief Cafe,Thief NYC,"595 Union Ave, Brooklyn, NY 11211",ChIJQwVjADNZwokRaaCi0RuPzWE,NTC,
Ace Eat Serve  (DEN),Ace Eat Serve,501 E 17th Ave,ChIJu-mW5St5bIcRmFpCS-fM6MA,DEN,
Paulie Gee's,Paulie Gee's ,"60 Greenpoint Ave, Brooklyn, NY 11222",ChIJuc8AM0BZwokRtpm2S66ltsE,NYC,
Shinji's,Shinji's,"37 w 20th st NY, NY 10011",ChIJiy6z0-NZwokR7WHqoTS8wSE,NYC,
Lunch (Lobster Roll Restaurant) - Southampton,Lunch (Lobster Roll Restaurant),"1980 Montauk Highway
Amagansett, NY 11930",ChIJLTP91qaT6IkRKNx65swc0ks,LI,
Leon 1909,Leon 1909,,ChIJsZ0F8SiZ6IkRvpR9ZU0YGe4,LI,
Bird on the Roof,Bird on the Roof,n/a,ChIJG3YZb5RT74kRsMwlDBs6FjQ,LI,
Springs Tavern and Grill,Springs Tavern and Grill,"15 Fort Pond Blvd, East Hampton, NY 11937",ChIJRykSDwql6IkRMFvSRd_h91U,LI,
Mother's Ruin NYC,Mother's Ruin NYC,18 Spring St,ChIJY-JJoYhZwokRF8FY6XrJo34,NYC,
Subject: A Cocktail Bar,Subject: A Cocktail Bar,"188 Suffolk St, New York, NY 10002",ChIJ98DPPIJZwokRLqsdDDnOPs8,NYC,
Shuko,Shuko,"47 E 12th St, New York, NY 10003",ChIJe8WrB5lZwokREBs3DZYJyKc,NYC,
BLT Prime (NYC),BLT Prime,"1032 Lexington Ave, New York, NY 10021",ChIJkWzZwb9ZwokRY7IXGGtsH0s,NYC,
EJ's Luncheonette,EJ Lunchonette,"1271 3rd Ave, New York, NY 10021",ChIJm8GloepYwokRKQQXHlt9X9w,uws/ues,
The Drunken Munkey,The Drunken Munkey,"338 E 92nd St, New York, NY",ChIJi8Yi9a9YwokRco5vySESCUk,NYC,
L'avion Café,L'avion Café,338 E 92nd St,ChIJU0Us8KdZwokR-MV727eIY9I,NYC,
L'avion Café,l'Avion/Drunken Munkey Parent,338 E 92nd St,ChIJU0Us8KdZwokR-MV727eIY9I,NYC,
Champagne Tiger,,"601 E Colfax Ave, Denver, CO 80203",,DEN,
Lunch (Lobster Roll Restaurant) - Amagansett,Lunch (Lobster Roll Restaurant),"1980 Montauk Highway
Amagansett, NY 11930",ChIJQUcL2Tau6IkR6i135p0tVNo,LI,
Friend of a Farmer (Gramercy),Friend of A Farmer,"77 Irving Pl Ground Floor, New York, NY 10003",ChIJb85ryKFZwokRaCJqC07E0G0,uws/ues,
Montauk Project,Montauk Project,389 Broome St ,ChIJg6RN-ohZwokR46kzRvoI9zU,NYC,
Tha Phraya,Tha Phraya,"1553 2nd Ave, New York, NY 10028
",ChIJXbVh8gRZwokR-uEVlFisxFE,uws/ues,
Sea Wolf,Sea Wolf,"19 Wyckoff Ave, Brooklyn, NY 11237
",ChIJO_MlXh1cwokR1YDm45sn_Wo,nyc,
Hungry Llama Cafe,Hungry Llama Cafe,"679 Washington St, New York, NY 10014",ChIJFXK3-LdZwokR41IAIP81AvM,NYC,
Nick's Pizza,Nick's Pizza,"1814 2nd Ave, New York, NY 10128",ChIJPwPWh6VYwokRb4sccEaBC2w,uws/ues,
QUATORZE,quatorze,"1578 1st Ave, New York, NY 10028",ChIJ8XDAKr9YwokRHkja-tYpvOY,uws/ues,
The Green Room,The Green Room,"90 Main St, Sag Harbor, NY 11963",ChIJpWi5G_S96IkRVVn_x_Wkcpg,LI,
Sagaponack General Store,Sagaponack General Store,"542 Sagg Main St, Sagaponack, NY 11962",ChIJzUXvnZe_6IkRg1Csa43tgfI,LI,
Momofuku (Noodle Bar) - East Village,,171 1st Avenue,,NYC,
Sen,Sen,,ChIJ5dQtsxBZwokRbBdZUxaHzFE,LI,
Essential,Essential by Christophe,103 w 77th,ChIJw6JyhoxZwokR3mKl4FLg5rM,NYC,
KUMISO,KUMISO,,ChIJZTgx5tC76IkRbKqJVoURbJU,LI,
K Pasa,K Pasa,,ChIJoR5uY_y96IkRT0l4yM0uuaw,LI,
Smokey Buns,Smokey Buns,,ChIJO0j96AS76IkRow_V0euMNzs,LI,
Pil Pil,Pil Pil,"265 E 78th St, New York, NY 10075",ChIJh-ZRBb9YwokRSMkUC8lETk4,uws/ues,
Iggy's Place,Iggy's Place," 3519 Balboa St, San Francisco, CA 94121",ChIJ62Ob5guHhYARfQu8fH-BugE,SF,
Dive Bar Pizza Slice Counter,Dive Bar Pizza,466 West Lake Drive,ChIJjY4hF5JZwokRxhLZRbBeU7c,NYC,
Carne,Carne,"2601 Larimer St, Denver, CO 80205",ChIJ8Vb5wQp5bIcRRcMRMAEzqbI,DEN,
Sushi of Gari UWS,Sushi of Gari UWS,"370 Columbus Ave, New York, NY 10024",ChIJRf0k0Y5YwokR7hh2IBTl3LY,uws/ues,
Fish N Beer,Fish N Beer,"3510 Larimer St, Denver, CO 80205",ChIJf4b8dxp5bIcRSiXR0HEQ7xU,DEN,
Pappardella,Pappardella,"316 COLUMBUS AVENUE, NEW YORK, New York 10023",ChIJN2DMVolYwokRZ3RY3IbatuA,NYC,
Pizzeria Alberico,,"1730 Pearl St, Boulder, CO 80302",,Den,
Sunday Vinyl,,"1803 16th St Mall, Denver, CO 80202",,Den,
Frasca Food and Wine,,"1738 Boulder Street, Boulder CO 80302",,DEN,
Tavernetta,,"1889 16th St Mall, Denver, CO 80202",ChIJ5fIM0MN4bIcRb-fymS7_krs,Den,
Osteria Alberico,,"3455 S University Blvd, Englewood, CO 80113",,Den,
Sabai Thai,Sabai Thai,"432 PARK AVE NEW YORK, New York 10022 New York County",ChIJ83Nr8qdZwokRlQ9NQpIpcw4,NYC,
Sushi of Gari 46,Sushi of Gari 46,"347 W 46th St, New York, NY 10036",ChIJxbq5_FNYwokRwWVy7B9Kwrc,uws/ues,
Sushi of Gari (UES),Sushi of Gari (UES),"402 E 78th St, New York, NY 10075",ChIJs9JDurhYwokRSjnRF8h3US8,ues/uws,
Amen Street Fish & Raw Bar,Amen Street Fish & Raw Bar,"205 E Bay St, Charleston, SC 29401",ChIJZ21LMAx6_ogRO1cje2Ji56c,CHS,
Little Line Kitchen & Provisions,Little Line Kitchen & Provisions,"176 Line St, Charleston, SC 29403",ChIJZ2iqqt17_ogRLP5T9taXWxU,CHS,
Wild Taco  (Berkeley-DEN) - New Deal,Wild Taco,"4499 W 38th Ave., Denver, CO 80212",ChIJDXN_xtGHa4cRO1YlWuG53qY,DEN,
Yingtao,Yingtao,"805 9th Ave, New York, NY 10019",ChIJkYkkoh1ZwokRE01ymVZhhpg,NYC,
The Lost Draft,The Lost Draft,"398 Broome St, New York, NY 10013",ChIJHcFFXH9ZwokR_QKedPacLiQ,NYC,
Maison May,Maison May,"246 DeKalb Ave, Brooklyn, NY 11205",ChIJ544uiblbwokR96qXy6668_I,NYC,
Place des Fêtes,Place des Fêtes,"212 Greene Ave, Brooklyn, NY 11238",ChIJtx7ymGVbwokRzDZBJ8NVJz0,NYC,
Deux Luxe,Deux Luxe,"384 Broome St, New York, NY 10012",ChIJHfEjK2NZwokRf4WuY_AYrdw,NYC,
Heavy Woods,Heavy Woods," 50 Wyckoff Ave, Brooklyn, NY 11237",ChIJpwu_dB1cwokRB_7Vq9WZDh0,NYC,
Mecha Noodle Bar  (Denver),Mecha Noodle Bar," 2801 Walnut St, Denver, CO 80205",ChIJeb6mea15bIcRznDZJqRTKJM,DEN,
Work & Class,Work & Class,"2500 Larimer St., Denver, CO 80205",ChIJS7FA8d94bIcR0Yx7VLagdMo,DEN,
Sandro's,Sandro's,"322 East 86th St, New York, NY 10028
",ChIJj9dKtb5YwokRHtC1_HyFZG0,UWS/UES,
Friedmans Chelsea - New Deal,Friedmans Chelsea,"75 9th Ave, NY NY 10011",,NYC,
Cafe Mado,Cafe Mado,"791 Washington Ave, Brooklyn, NY 11238",ChIJrwTqaQBbwokRaK-iQfAWdG4,NYC,
Upstate Stock Cafe,Upstate Stock Cafe,,ChIJuc3ZQENZwokRZcX6QOJdqVA,NYC,
E&O Kitchen and Bar,E&O Kitchen and Bar,"314 Sutter St, San Francisco, CA 94108",ChIJGXWXQYmAhYAR-Nr_OyKvI2o,SF,
QUICK ETERNITY,QUICK ETERNITY NYC,"22 Peck Slip, New York, NY 10038",ChIJm6bGIFZbwokRFj_nvTLlvZc,nyc,
Monte's At the Manor Cafe,Monte's At the Manor,"236 Edgemere St Montauk, NY 11954",ChIJm8KDZEpV74kRl1hPl-aWoNc,LI,
Tacos Tequila Whiskey,Tacos Tequila Whiskey,"3300 W 32nd Ave.,",ChIJG5tJJZ14bIcRACrcxGNDuJg,DEN,
Lilia,Lilia,"567 Union Ave, Brooklyn, NY 11211",ChIJJXCD6ltZwokRJ_cwjKQH63c,NYC,
Misi,Misi,"329 Kent Ave, Brooklyn, NY 11249",ChIJw7SsU_pZwokREyGSSulF53U,NYC,
Bella Luna,Bella Luna,"74 Columbus Ave, New York, NY 10024",ChIJkf3PqpxYwokRZlk0ie5vk2c,UWS/UES,
Phil’s,Phil’s,"695 Knickerbocker Ave, Brooklyn, NY 11221
",ChIJbffRPkdcwokR2__qmTHZHVs,NYC,
Maloya,Maloya,"983 Flushing Ave, Brooklyn, NY 11206",ChIJma2fX15dwokR4N39k_xbPIY,NYC,
Le Farfalle,Le Farfalle,"15 Beaufain St, Charleston, SC 29401",ChIJC5AVwxN6_ogR9QnofBlebTg,CHS,
Aquarelle,Aquarelle,,ChIJsSGRfXhZwokROD3euzl_76s,NYC,
Evelina,Evelina," 211 DeKalb Ave, Brooklyn, NY 11205",ChIJzae3_LlbwokR6ts6PCZ3agM,NYC,
The Bronze Owl,The Bronze Owl,"52 W 33rd St, New York, NY 10001",ChIJYZdXSABZwokRozRIvQvhL-s,NYC,
Radio Kwara - New Deal,radio kwara,"291 Greene Avenue, Brooklyn, NY 11238",ChIJDyXcTupbwokRQtYLqQrV3ZI,NYC,
Fish Cheeks Williamsburg,Fish Cheeks Williamsburg,"661 Driggs Ave Brooklyn, NY 11211",ChIJz-1-n9lZwokROnxtPfYbkHk,NYC,
Bāng Bar,Bāng Bar,"10 Columbus Circle Suite 300, New York, NY 10013",ChIJG-0gOVNZwokRVLu7o8Shq_Q,NYC,
Bāng Bar,Momofuku,104 West 27th Street,ChIJG-0gOVNZwokRVLu7o8Shq_Q,NYC,
Maison Sun,Maison Sun,"200-3 Schermerhorn St, Brooklyn, NY 11201",ChIJVdRVFvZbwokRvTMvHpvu0PE,NYC,
Diwali Indian Cuisine - New Deal,Diwali Indian Cuisine,"1499 Valencia St, San Francisco, CA 94110",,sf,
Do Not Feed Alligators,Do Not Feed Alligators WV,"337 Bleecker St. 10014 New York, NY",ChIJx3Lned1ZwokRHpVK3qlZZMA,NYC,
Cart Driver,Cart Driver,"2239 W 30th Ave., Denver, CA 80211",ChIJNbOe0ll5bIcRy71yQ4mqEvQ,DEN,
The MOUTH Bar + Restaurant,The MOUTH Bar + Restaurant,"20 Marcy Ave, Brooklyn, NY 11211
",ChIJteoD3TJZwokR2RQYq59OS60,nyc,
The Dutch,,"131 Sullivan Street, New York, NY 10012",,NYC,
Lafayette,,"380 Lafayette Street, New York, NY 10003",,NYC,
Bar Primi NoHo,,"325 Bowery, New York, NY 10003",ChIJSW8U34RZwokR-UhuJkjLDvk,NYC,
Rosticceria Evelina,Rosticceria Evelina,"455 MYRTLE AVE, BROOKLYN, NY 11205",ChIJ6dTbB5BbwokRQyM4pOUH76I,NYC,
Za-Ya,Za-Ya,"321 Starr St Suite D, Brooklyn, NY 11237",ChIJA5X-O_NfwokRuYuGvy82R_I,nyc,
Formosa Dumplings,Formosa Dumplings,"formosadumplings@gmail.com
",ChIJ7etbil9dwokRYKe_oQSHsdY,NYC,
Jax Fish House & Oyster Bar LoDo,Big Red F Restaurants,"946 Pearl St, Boulder, CO 80302",ChIJJ7tBzybsa4cRVBV3QVaLJ84,DEN,
Golden Diner,Golden Diner,"123 Madison St, New York, NY 10002",ChIJ1-mW-LhbwokR7Ryv5ha-gzc,NYC,
Golden HOF,Golden HOF,"16 W 48th St, New York, NY 10036",ChIJc6vecABZwokRBHqMFj4UsbY,NYC,
Bar Dough,The Culinary Creative Group,"1350 40th Street, Denver, CO 80205",,DEN,
Mister Oso RiNo,The Culinary Creative Group,"1350 40th Street, Denver, CO 80205",,DEN,
Mister Oso Boulder,The Culinary Creative Group,"1350 40th Street, Denver, CO 80205",ChIJ_2q1cg55bIcRKhYP9PxOiV4,DEN,
Senor Bear,The Culinary Creative Group,"1350 40th Street, Denver, CO 80205",,DEN,
Ash Kara,The Culinary Creative Group,"1350 40th Street, Denver, CO 80205",,DEN,
Fox and the Hen,The Culinary Creative Group,"1350 40th Street, Denver, CO 80205",,DEN,
Kothai Republic,Kothai Republic,"1398 9th Ave, San Francisco, CA 94122",ChIJBXYmaSKHhYAR2D4hlotI7TA,SF,
EVO Craft Bakery,EVO Craft Bakery,"1075 E Montague Ave, North Charleston, SC 29405",ChIJs2HQ9ehk_ogR8j4Fa-8ARFA,CHS,
EVO Pizzeria,EVO Pizzeria,"1075 E Montague Ave, North Charleston, SC 29405",ChIJS79_9uhk_ogRXzmiDtLKcjo,CHS,
Ornithology Jazz Club,Ornithology Jazz Club,"6 Suydam St, Brooklyn, NY 11221
",ChIJ8SrMcWVdwokRAqKQSZARpE0,nyc,
Designer's Collab (Coffee shop),Designers Collab,"96 N 5th St, Brooklyn, NY 11249
",ChIJ3y1LyTFZwokRMC-XUpi7Nxw,nyc,
Super Mega Bien,Super Mega Bien,"1260 25th St., ",ChIJE6HJ3ml5bIcRhwzwllks4ug,DEN,
Bar Francis - New Deal,Bar Francis,"810 Fulton St, Brooklyn, NY 11238",,NYC,
Sorry Gorgeous,The Culinary Creative Group,"1350 40th Street, Denver, CO 80205",,DEN,
Kraam,Kraam,"254 5th Ave, New York, NY 10001",ChIJX6wpqwdZwokRa3aTRWulWkA,NYC,
Kilo Bravo  - New Deal,Bravo Bar Party ,"180 N 10th St, Brooklyn, NY 11211
",,NYC,
Kilo Bravo  - New Deal,Kilo Bravo,"180 N 10th St, Brooklyn, NY 11211
",,NYC,
Palenque,Palenque,"298 Graham Ave, Brooklyn, NY 11211",ChIJ3_Ose-dZwokRkZMz4AVTIKs,nyc,
Le Pistol,Le Pistol,"780 Washington Ave, Brooklyn, NY 11238",ChIJFYeUIABbwokRRRiaj82mZAQ,NYC,
The Homestead - New Deal,The Homestead,"2301 Folsom St, San Francisco, CA 94110",,SF,
The Shakespeare,The Shakespeare,"24 E 39th St, New York, NY 10016",ChIJI7jw2ABZwokR_N3wkrCRL0A,NYC,
The Hunterian,The Hunterian,"413 E 70th St, New York, NY 10021",ChIJiVD59uZZwokRUwIDtSPgKX0,NYC,
The Hamilton,The Hamilton,"998 Amsterdam Ave, New York, NY 10025",ChIJcQDwuzz2wokR1N2euVBPAjM,NYC,
BierWax,BierWax,"556 Vanderbilt Ave, Brooklyn, NY 11238",ChIJk9RJNaRbwokRtMPbGlZp3uc,NYC,
"Tacolicious (24th, SF)","Tacolicious (24th, SF)","4063 24th St, San Francisco, CA",ChIJFRv3RAB_j4ARSgzEVFHvhGY,SF,
Asano Cafe - New Deal,Asano Cafe,"322 East 86th St, New York, NY 10028",,nyc,
Tonchin BK- New Deal,Tonchin,"5665 Melrose Ave, Los Angeles, CA 90038
",,NYC,
Echo Bravo - New Deal,Echo Bravo,"445 Troutman St, Brooklyn, NY 1123",,NYC,
South Edison,South Edison,"17 S Edison St, Montauk, NY 11954",ChIJN2EK2VdT74kRZ4a000eEozU,NYC,
Bar Sprezzatura,,"251 W 48th St, New York, NY 10036",ChIJNVkbEwBZwokRcQJBrkU_Wuo,NYC,
Menya Kanemaru - Golden Ramen,Menya Kanemaru,"174 Valencia St, San Francisco, CA 94103",,SF,
AQUA NYC,Aqua New York,"902 Broadway, New York, NY 10010",ChIJHQFj19tZwokRZLUlxxZmz2Q,NYC,
Mixteca - New Deal,Mixteca,1 Cornelia Street,,NYC,
Judy Z’s Sports Tavern & Kitchen - New Deal,Judy Z’s Sports Tavern & Kitchen,"1 7th Ave S, New York, NY 10014",,NYC,